None,E(keV),psi0rSi111,psi0iSi111,psihrSi111,psihiSi111,psihbrSi111,psihbiSi111
1,2.0,-0.00020518,6.7309e-05,0.00010169,4.7016e-05,0.00010169,4.7016e-05
2,2.05,-0.00020178,6.1552e-05,0.00010133,4.2991e-05,0.00010133,4.2991e-05
3,2.1,-0.00019702,5.6402e-05,9.9866e-05,3.9389e-05,9.9866e-05,3.9389e-05
4,2.15,-0.00019157,5.1781e-05,9.779e-05,3.6158e-05,9.779e-05,3.6158e-05
5,2.2,-0.00018577,4.7627e-05,9.5361e-05,3.3253e-05,9.5361e-05,3.3253e-05
6,2.25,-0.00017985,4.3884e-05,9.2736e-05,3.0634e-05,9.2736e-05,3.0634e-05
7,2.3,-0.00017393,4.0502e-05,9.0015e-05,2.8269e-05,9.0015e-05,2.8269e-05
8,2.35,-0.00016809,3.7442e-05,8.7263e-05,2.6128e-05,8.7263e-05,2.6128e-05
9,2.4,-0.00016239,3.4667e-05,8.4522e-05,2.4186e-05,8.4522e-05,2.4186e-05
10,2.45,-0.00015685,3.2145e-05,8.1822e-05,2.2422e-05,8.1822e-05,2.2422e-05
11,2.5,-0.0001515,2.9849e-05,7.9181e-05,2.0816e-05,7.9181e-05,2.0816e-05
12,2.55,-0.00014634,2.7755e-05,7.6611e-05,1.9351e-05,7.6611e-05,1.9351e-05
13,2.6,-0.00014137,2.5842e-05,7.412e-05,1.8013e-05,7.412e-05,1.8013e-05
14,2.65,-0.00013661,2.4092e-05,7.1714e-05,1.6789e-05,7.1714e-05,1.6789e-05
15,2.7,-0.00013204,2.2487e-05,6.9393e-05,1.5667e-05,6.9393e-05,1.5667e-05
16,2.75,-0.00012767,2.1015e-05,6.7158e-05,1.4637e-05,6.7158e-05,1.4637e-05
17,2.8,-0.00012347,1.9661e-05,6.501e-05,1.3691e-05,6.501e-05,1.3691e-05
18,2.85,-0.00011946,1.8415e-05,6.2946e-05,1.2823e-05,6.2946e-05,1.2823e-05
19,2.9,-0.00011562,1.7266e-05,6.0963e-05,1.2022e-05,6.0963e-05,1.2022e-05
20,2.95,-0.00011194,1.6205e-05,5.9061e-05,1.1283e-05,5.9061e-05,1.1283e-05
21,3.0,-0.00010843,1.5225e-05,5.7236e-05,1.0601e-05,5.7236e-05,1.0601e-05
22,3.05,-0.00010506,1.4318e-05,5.5484e-05,9.9687e-06,5.5484e-05,9.9687e-06
23,3.1,-0.00010183,1.3477e-05,5.3804e-05,9.3833e-06,5.3804e-05,9.3833e-06
24,3.15,-9.8743e-05,1.2698e-05,5.2192e-05,8.8402e-06,5.2192e-05,8.8402e-06
25,3.2,-9.5784e-05,1.1973e-05,5.0646e-05,8.336e-06,5.0646e-05,8.336e-06
26,3.25,-9.2949e-05,1.13e-05,4.9162e-05,7.8672e-06,4.9162e-05,7.8672e-06
27,3.3,-9.0231e-05,1.0674e-05,4.7738e-05,7.431e-06,4.7738e-05,7.431e-06
28,3.35,-8.7625e-05,1.009e-05,4.637e-05,7.0245e-06,4.637e-05,7.0245e-06
29,3.4,-8.5125e-05,9.5457e-06,4.5057e-05,6.6455e-06,4.5057e-05,6.6455e-06
30,3.45,-8.2726e-05,9.0376e-06,4.3796e-05,6.2918e-06,4.3796e-05,6.2918e-06
31,3.5,-8.0423e-05,8.5628e-06,4.2584e-05,5.9612e-06,4.2584e-05,5.9612e-06
32,3.55,-7.8211e-05,8.1188e-06,4.1419e-05,5.6521e-06,4.1419e-05,5.6521e-06
33,3.6,-7.6086e-05,7.7032e-06,4.0299e-05,5.3628e-06,4.0299e-05,5.3628e-06
34,3.65,-7.4043e-05,7.3138e-06,3.9222e-05,5.0917e-06,3.9222e-05,5.0917e-06
35,3.7,-7.208e-05,6.9487e-06,3.8186e-05,4.8375e-06,3.8186e-05,4.8375e-06
36,3.75,-7.019e-05,6.6061e-06,3.7189e-05,4.599e-06,3.7189e-05,4.599e-06
37,3.8,-6.8373e-05,6.2843e-06,3.6228e-05,4.375e-06,3.6228e-05,4.375e-06
38,3.85,-6.6623e-05,5.9818e-06,3.5303e-05,4.1645e-06,3.5303e-05,4.1645e-06
39,3.9,-6.4937e-05,5.6974e-06,3.4412e-05,3.9665e-06,3.4412e-05,3.9665e-06
40,3.95,-6.3313e-05,5.4296e-06,3.3553e-05,3.78e-06,3.3553e-05,3.78e-06
41,4.0,-6.1748e-05,5.1773e-06,3.2725e-05,3.6045e-06,3.2725e-05,3.6045e-06
42,4.05,-6.0239e-05,4.9395e-06,3.1927e-05,3.4389e-06,3.1927e-05,3.4389e-06
43,4.1,-5.8784e-05,4.7152e-06,3.1156e-05,3.2828e-06,3.1156e-05,3.2828e-06
44,4.15,-5.7379e-05,4.5034e-06,3.0412e-05,3.1354e-06,3.0412e-05,3.1354e-06
45,4.2,-5.6024e-05,4.3034e-06,2.9694e-05,2.9962e-06,2.9694e-05,2.9962e-06
46,4.25,-5.4715e-05,4.1144e-06,2.9001e-05,2.8646e-06,2.9001e-05,2.8646e-06
47,4.3,-5.345e-05,3.9356e-06,2.833e-05,2.7401e-06,2.833e-05,2.7401e-06
48,4.35,-5.2228e-05,3.7664e-06,2.7683e-05,2.6224e-06,2.7683e-05,2.6224e-06
49,4.4,-5.1047e-05,3.6062e-06,2.7057e-05,2.5108e-06,2.7057e-05,2.5108e-06
50,4.45,-4.9905e-05,3.4544e-06,2.6451e-05,2.4052e-06,2.6451e-05,2.4052e-06
51,4.5,-4.88e-05,3.3104e-06,2.5865e-05,2.305e-06,2.5865e-05,2.305e-06
52,4.55,-4.7731e-05,3.1739e-06,2.5298e-05,2.21e-06,2.5298e-05,2.21e-06
53,4.6,-4.6696e-05,3.0444e-06,2.4749e-05,2.1198e-06,2.4749e-05,2.1198e-06
54,4.65,-4.5695e-05,2.9213e-06,2.4218e-05,2.0341e-06,2.4218e-05,2.0341e-06
55,4.7,-4.4724e-05,2.8044e-06,2.3703e-05,1.9528e-06,2.3703e-05,1.9528e-06
56,4.75,-4.3784e-05,2.6933e-06,2.3204e-05,1.8754e-06,2.3204e-05,1.8754e-06
57,4.8,-4.2873e-05,2.5876e-06,2.272e-05,1.8019e-06,2.272e-05,1.8019e-06
58,4.85,-4.1989e-05,2.4871e-06,2.2252e-05,1.7319e-06,2.2252e-05,1.7319e-06
59,4.9,-4.1133e-05,2.3914e-06,2.1797e-05,1.6652e-06,2.1797e-05,1.6652e-06
60,4.95,-4.0302e-05,2.3002e-06,2.1356e-05,1.6018e-06,2.1356e-05,1.6018e-06
61,5.0,-3.9495e-05,2.2133e-06,2.0928e-05,1.5413e-06,2.0928e-05,1.5413e-06
62,5.05,-3.8713e-05,2.1305e-06,2.0512e-05,1.4836e-06,2.0512e-05,1.4836e-06
63,5.1,-3.7953e-05,2.0515e-06,2.0109e-05,1.4286e-06,2.0109e-05,1.4286e-06
64,5.15,-3.7215e-05,1.9761e-06,1.9717e-05,1.3761e-06,1.9717e-05,1.3761e-06
65,5.2,-3.6499e-05,1.9041e-06,1.9337e-05,1.3261e-06,1.9337e-05,1.3261e-06
66,5.25,-3.5802e-05,1.8354e-06,1.8967e-05,1.2782e-06,1.8967e-05,1.2782e-06
67,5.3,-3.5126e-05,1.7697e-06,1.8608e-05,1.2325e-06,1.8608e-05,1.2325e-06
68,5.35,-3.4468e-05,1.707e-06,1.8259e-05,1.1888e-06,1.8259e-05,1.1888e-06
69,5.4,-3.3828e-05,1.647e-06,1.7919e-05,1.147e-06,1.7919e-05,1.147e-06
70,5.45,-3.3206e-05,1.5896e-06,1.7589e-05,1.1071e-06,1.7589e-05,1.1071e-06
71,5.5,-3.26e-05,1.5347e-06,1.7267e-05,1.0688e-06,1.7267e-05,1.0688e-06
72,5.55,-3.2011e-05,1.4821e-06,1.6955e-05,1.0322e-06,1.6955e-05,1.0322e-06
73,5.6,-3.1438e-05,1.4317e-06,1.665e-05,9.9719e-07,1.665e-05,9.9719e-07
74,5.65,-3.088e-05,1.3835e-06,1.6354e-05,9.636e-07,1.6354e-05,9.636e-07
75,5.7,-3.0336e-05,1.3373e-06,1.6065e-05,9.3141e-07,1.6065e-05,9.3141e-07
76,5.75,-2.9807e-05,1.2929e-06,1.5784e-05,9.0056e-07,1.5784e-05,9.0056e-07
77,5.8,-2.9291e-05,1.2504e-06,1.551e-05,8.7096e-07,1.551e-05,8.7096e-07
78,5.85,-2.8788e-05,1.2097e-06,1.5244e-05,8.4257e-07,1.5244e-05,8.4257e-07
79,5.9,-2.8299e-05,1.1705e-06,1.4984e-05,8.1533e-07,1.4984e-05,8.1533e-07
80,5.95,-2.7821e-05,1.133e-06,1.473e-05,7.8917e-07,1.473e-05,7.8917e-07
81,6.0,-2.7356e-05,1.0969e-06,1.4483e-05,7.6405e-07,1.4483e-05,7.6405e-07
82,6.05,-2.6902e-05,1.0622e-06,1.4242e-05,7.3992e-07,1.4242e-05,7.3992e-07
83,6.1,-2.6459e-05,1.0289e-06,1.4007e-05,7.1673e-07,1.4007e-05,7.1673e-07
84,6.15,-2.6027e-05,9.969e-07,1.3778e-05,6.9444e-07,1.3778e-05,6.9444e-07
85,6.2,-2.5605e-05,9.6612e-07,1.3554e-05,6.73e-07,1.3554e-05,6.73e-07
86,6.25,-2.5194e-05,9.3651e-07,1.3335e-05,6.5239e-07,1.3335e-05,6.5239e-07
87,6.3,-2.4792e-05,9.0802e-07,1.3122e-05,6.3255e-07,1.3122e-05,6.3255e-07
88,6.35,-2.44e-05,8.8061e-07,1.2914e-05,6.1347e-07,1.2914e-05,6.1347e-07
89,6.4,-2.4017e-05,8.5422e-07,1.2711e-05,5.9509e-07,1.2711e-05,5.9509e-07
90,6.45,-2.3642e-05,8.2881e-07,1.2512e-05,5.7739e-07,1.2512e-05,5.7739e-07
91,6.5,-2.3277e-05,8.0433e-07,1.2318e-05,5.6035e-07,1.2318e-05,5.6035e-07
92,6.55,-2.292e-05,7.8075e-07,1.2129e-05,5.4393e-07,1.2129e-05,5.4393e-07
93,6.6,-2.2571e-05,7.5802e-07,1.1944e-05,5.281e-07,1.1944e-05,5.281e-07
94,6.65,-2.223e-05,7.3611e-07,1.1763e-05,5.1284e-07,1.1763e-05,5.1284e-07
95,6.7,-2.1896e-05,7.1499e-07,1.1586e-05,4.9813e-07,1.1586e-05,4.9813e-07
96,6.75,-2.157e-05,6.9461e-07,1.1413e-05,4.8394e-07,1.1413e-05,4.8394e-07
97,6.8,-2.1252e-05,6.7495e-07,1.1244e-05,4.7025e-07,1.1244e-05,4.7025e-07
98,6.85,-2.094e-05,6.5598e-07,1.1078e-05,4.5704e-07,1.1078e-05,4.5704e-07
99,6.9,-2.0635e-05,6.3767e-07,1.0916e-05,4.4429e-07,1.0916e-05,4.4429e-07
100,6.95,-2.0336e-05,6.1999e-07,1.0758e-05,4.3198e-07,1.0758e-05,4.3198e-07
101,7.0,-2.0044e-05,6.0292e-07,1.0603e-05,4.2009e-07,1.0603e-05,4.2009e-07
102,7.05,-1.9758e-05,5.8643e-07,1.0451e-05,4.086e-07,1.0451e-05,4.086e-07
103,7.1,-1.9479e-05,5.705e-07,1.0303e-05,3.975e-07,1.0303e-05,3.975e-07
104,7.15,-1.9205e-05,5.551e-07,1.0158e-05,3.8678e-07,1.0158e-05,3.8678e-07
105,7.2,-1.8937e-05,5.4021e-07,1.0016e-05,3.7641e-07,1.0016e-05,3.7641e-07
106,7.25,-1.8674e-05,5.2582e-07,9.8763e-06,3.6639e-07,9.8763e-06,3.6639e-07
107,7.3,-1.8417e-05,5.1191e-07,9.7399e-06,3.567e-07,9.7399e-06,3.567e-07
108,7.35,-1.8165e-05,4.9845e-07,9.6063e-06,3.4733e-07,9.6063e-06,3.4733e-07
109,7.4,-1.7918e-05,4.8543e-07,9.4754e-06,3.3826e-07,9.4754e-06,3.3826e-07
110,7.45,-1.7676e-05,4.7283e-07,9.3472e-06,3.2948e-07,9.3472e-06,3.2948e-07
111,7.5,-1.7439e-05,4.6063e-07,9.2215e-06,3.2098e-07,9.2215e-06,3.2098e-07
112,7.55,-1.7207e-05,4.4882e-07,9.0984e-06,3.1276e-07,9.0984e-06,3.1276e-07
113,7.6,-1.698e-05,4.3739e-07,8.9777e-06,3.048e-07,8.9777e-06,3.048e-07
114,7.65,-1.6756e-05,4.2632e-07,8.8594e-06,2.9708e-07,8.8594e-06,2.9708e-07
115,7.7,-1.6538e-05,4.1559e-07,8.7434e-06,2.8961e-07,8.7434e-06,2.8961e-07
116,7.75,-1.6323e-05,4.052e-07,8.6296e-06,2.8237e-07,8.6296e-06,2.8237e-07
117,7.8,-1.6113e-05,3.9513e-07,8.5181e-06,2.7536e-07,8.5181e-06,2.7536e-07
118,7.85,-1.5906e-05,3.8537e-07,8.4087e-06,2.6856e-07,8.4087e-06,2.6856e-07
119,7.9,-1.5704e-05,3.7591e-07,8.3014e-06,2.6197e-07,8.3014e-06,2.6197e-07
120,7.95,-1.5505e-05,3.6673e-07,8.1961e-06,2.5558e-07,8.1961e-06,2.5558e-07
121,8.0,-1.531e-05,3.5783e-07,8.0928e-06,2.4938e-07,8.0928e-06,2.4938e-07
122,8.05,-1.5119e-05,3.492e-07,7.9915e-06,2.4337e-07,7.9915e-06,2.4337e-07
123,8.1,-1.4931e-05,3.4083e-07,7.892e-06,2.3754e-07,7.892e-06,2.3754e-07
124,8.15,-1.4747e-05,3.3271e-07,7.7944e-06,2.3188e-07,7.7944e-06,2.3188e-07
125,8.2,-1.4566e-05,3.2482e-07,7.6985e-06,2.2638e-07,7.6985e-06,2.2638e-07
126,8.25,-1.4389e-05,3.1717e-07,7.6045e-06,2.2105e-07,7.6045e-06,2.2105e-07
127,8.3,-1.4215e-05,3.0974e-07,7.5121e-06,2.1587e-07,7.5121e-06,2.1587e-07
128,8.35,-1.4043e-05,3.0252e-07,7.4214e-06,2.1085e-07,7.4214e-06,2.1085e-07
129,8.4,-1.3875e-05,2.9552e-07,7.3323e-06,2.0597e-07,7.3323e-06,2.0597e-07
130,8.45,-1.371e-05,2.8871e-07,7.2449e-06,2.0123e-07,7.2449e-06,2.0123e-07
131,8.5,-1.3548e-05,2.821e-07,7.1589e-06,1.9662e-07,7.1589e-06,1.9662e-07
132,8.55,-1.3389e-05,2.7567e-07,7.0745e-06,1.9214e-07,7.0745e-06,1.9214e-07
133,8.6,-1.3232e-05,2.6943e-07,6.9916e-06,1.8779e-07,6.9916e-06,1.8779e-07
134,8.65,-1.3078e-05,2.6336e-07,6.9101e-06,1.8356e-07,6.9101e-06,1.8356e-07
135,8.7,-1.2927e-05,2.5746e-07,6.8301e-06,1.7945e-07,6.8301e-06,1.7945e-07
136,8.75,-1.2779e-05,2.5173e-07,6.7514e-06,1.7546e-07,6.7514e-06,1.7546e-07
137,8.8,-1.2633e-05,2.4615e-07,6.6741e-06,1.7157e-07,6.6741e-06,1.7157e-07
138,8.85,-1.2489e-05,2.4072e-07,6.598e-06,1.6779e-07,6.598e-06,1.6779e-07
139,8.9,-1.2348e-05,2.3545e-07,6.5233e-06,1.6412e-07,6.5233e-06,1.6412e-07
140,8.95,-1.221e-05,2.3031e-07,6.4499e-06,1.6054e-07,6.4499e-06,1.6054e-07
141,9.0,-1.2073e-05,2.2532e-07,6.3776e-06,1.5706e-07,6.3776e-06,1.5706e-07
142,9.05,-1.1939e-05,2.2046e-07,6.3066e-06,1.5367e-07,6.3066e-06,1.5367e-07
143,9.1,-1.1807e-05,2.1573e-07,6.2367e-06,1.5038e-07,6.2367e-06,1.5038e-07
144,9.15,-1.1677e-05,2.1112e-07,6.1681e-06,1.4717e-07,6.1681e-06,1.4717e-07
145,9.2,-1.155e-05,2.0664e-07,6.1005e-06,1.4404e-07,6.1005e-06,1.4404e-07
146,9.25,-1.1424e-05,2.0227e-07,6.034e-06,1.41e-07,6.034e-06,1.41e-07
147,9.3,-1.1301e-05,1.9802e-07,5.9686e-06,1.3804e-07,5.9686e-06,1.3804e-07
148,9.35,-1.1179e-05,1.9388e-07,5.9043e-06,1.3515e-07,5.9043e-06,1.3515e-07
149,9.4,-1.106e-05,1.8985e-07,5.841e-06,1.3234e-07,5.841e-06,1.3234e-07
150,9.45,-1.0942e-05,1.8592e-07,5.7787e-06,1.296e-07,5.7787e-06,1.296e-07
151,9.5,-1.0826e-05,1.8209e-07,5.7174e-06,1.2694e-07,5.7174e-06,1.2694e-07
152,9.55,-1.0712e-05,1.7836e-07,5.6571e-06,1.2434e-07,5.6571e-06,1.2434e-07
153,9.6,-1.06e-05,1.7472e-07,5.5977e-06,1.218e-07,5.5977e-06,1.218e-07
154,9.65,-1.049e-05,1.7117e-07,5.5393e-06,1.1933e-07,5.5393e-06,1.1933e-07
155,9.7,-1.0381e-05,1.6772e-07,5.4817e-06,1.1692e-07,5.4817e-06,1.1692e-07
156,9.75,-1.0274e-05,1.6435e-07,5.4251e-06,1.1457e-07,5.4251e-06,1.1457e-07
157,9.8,-1.0169e-05,1.6106e-07,5.3693e-06,1.1228e-07,5.3693e-06,1.1228e-07
158,9.85,-1.0065e-05,1.5786e-07,5.3144e-06,1.1005e-07,5.3144e-06,1.1005e-07
159,9.9,-9.9629e-06,1.5473e-07,5.2603e-06,1.0787e-07,5.2603e-06,1.0787e-07
160,9.95,-9.8622e-06,1.5168e-07,5.2071e-06,1.0575e-07,5.2071e-06,1.0575e-07
161,10.0,-9.7631e-06,1.4871e-07,5.1546e-06,1.0368e-07,5.1546e-06,1.0368e-07
162,10.05,-9.6655e-06,1.4581e-07,5.1029e-06,1.0165e-07,5.1029e-06,1.0165e-07
163,10.1,-9.5693e-06,1.4298e-07,5.052e-06,9.968e-08,5.052e-06,9.968e-08
164,10.15,-9.4746e-06,1.4021e-07,5.0019e-06,9.7754e-08,5.0019e-06,9.7754e-08
165,10.2,-9.3812e-06,1.3751e-07,4.9525e-06,9.5873e-08,4.9525e-06,9.5873e-08
166,10.25,-9.2893e-06,1.3488e-07,4.9038e-06,9.4038e-08,4.9038e-06,9.4038e-08
167,10.3,-9.1986e-06,1.3231e-07,4.8559e-06,9.2246e-08,4.8559e-06,9.2246e-08
168,10.35,-9.1093e-06,1.298e-07,4.8086e-06,9.0497e-08,4.8086e-06,9.0497e-08
169,10.4,-9.0213e-06,1.2735e-07,4.7621e-06,8.8788e-08,4.7621e-06,8.8788e-08
170,10.45,-8.9346e-06,1.2495e-07,4.7162e-06,8.712e-08,4.7162e-06,8.712e-08
171,10.5,-8.8491e-06,1.2261e-07,4.6709e-06,8.549e-08,4.6709e-06,8.549e-08
172,10.55,-8.7648e-06,1.2033e-07,4.6263e-06,8.3898e-08,4.6263e-06,8.3898e-08
173,10.6,-8.6817e-06,1.181e-07,4.5824e-06,8.2343e-08,4.5824e-06,8.2343e-08
174,10.65,-8.5998e-06,1.1592e-07,4.539e-06,8.0823e-08,4.539e-06,8.0823e-08
175,10.7,-8.519e-06,1.1379e-07,4.4963e-06,7.9338e-08,4.4963e-06,7.9338e-08
176,10.75,-8.4394e-06,1.1171e-07,4.4542e-06,7.7887e-08,4.4542e-06,7.7887e-08
177,10.8,-8.3609e-06,1.0967e-07,4.4127e-06,7.6469e-08,4.4127e-06,7.6469e-08
178,10.85,-8.2835e-06,1.0768e-07,4.3717e-06,7.5083e-08,4.3717e-06,7.5083e-08
179,10.9,-8.2071e-06,1.0574e-07,4.3313e-06,7.3728e-08,4.3313e-06,7.3728e-08
180,10.95,-8.1318e-06,1.0384e-07,4.2915e-06,7.2403e-08,4.2915e-06,7.2403e-08
181,11.0,-8.0575e-06,1.0198e-07,4.2522e-06,7.1108e-08,4.2522e-06,7.1108e-08
182,11.05,-7.9843e-06,1.0016e-07,4.2135e-06,6.9841e-08,4.2135e-06,6.9841e-08
183,11.1,-7.912e-06,9.8385e-08,4.1753e-06,6.8603e-08,4.1753e-06,6.8603e-08
184,11.15,-7.8407e-06,9.6647e-08,4.1376e-06,6.7391e-08,4.1376e-06,6.7391e-08
185,11.2,-7.7704e-06,9.4947e-08,4.1004e-06,6.6206e-08,4.1004e-06,6.6206e-08
186,11.25,-7.701e-06,9.3285e-08,4.0637e-06,6.5047e-08,4.0637e-06,6.5047e-08
187,11.3,-7.6326e-06,9.1658e-08,4.0275e-06,6.3913e-08,4.0275e-06,6.3913e-08
188,11.35,-7.565e-06,9.0066e-08,3.9917e-06,6.2804e-08,3.9917e-06,6.2804e-08
189,11.4,-7.4984e-06,8.8508e-08,3.9565e-06,6.1718e-08,3.9565e-06,6.1718e-08
190,11.45,-7.4326e-06,8.6984e-08,3.9217e-06,6.0656e-08,3.9217e-06,6.0656e-08
191,11.5,-7.3677e-06,8.5493e-08,3.8874e-06,5.9616e-08,3.8874e-06,5.9616e-08
192,11.55,-7.3036e-06,8.4033e-08,3.8535e-06,5.8598e-08,3.8535e-06,5.8598e-08
193,11.6,-7.2403e-06,8.2604e-08,3.8201e-06,5.7602e-08,3.8201e-06,5.7602e-08
194,11.65,-7.1779e-06,8.1205e-08,3.7871e-06,5.6627e-08,3.7871e-06,5.6627e-08
195,11.7,-7.1163e-06,7.9835e-08,3.7545e-06,5.5672e-08,3.7545e-06,5.5672e-08
196,11.75,-7.0555e-06,7.8494e-08,3.7223e-06,5.4737e-08,3.7223e-06,5.4737e-08
197,11.8,-6.9954e-06,7.7181e-08,3.6906e-06,5.3822e-08,3.6906e-06,5.3822e-08
198,11.85,-6.9361e-06,7.5895e-08,3.6592e-06,5.2926e-08,3.6592e-06,5.2926e-08
199,11.9,-6.8776e-06,7.4636e-08,3.6283e-06,5.2048e-08,3.6283e-06,5.2048e-08
200,11.95,-6.8198e-06,7.3402e-08,3.5977e-06,5.1188e-08,3.5977e-06,5.1188e-08
201,12.0,-6.7627e-06,7.2194e-08,3.5675e-06,5.0346e-08,3.5675e-06,5.0346e-08
202,12.05,-6.7063e-06,7.1011e-08,3.5377e-06,4.9521e-08,3.5377e-06,4.9521e-08
203,12.1,-6.6507e-06,6.9851e-08,3.5083e-06,4.8712e-08,3.5083e-06,4.8712e-08
204,12.15,-6.5957e-06,6.8715e-08,3.4793e-06,4.792e-08,3.4793e-06,4.792e-08
205,12.2,-6.5414e-06,6.7602e-08,3.4506e-06,4.7144e-08,3.4506e-06,4.7144e-08
206,12.25,-6.4878e-06,6.6511e-08,3.4222e-06,4.6384e-08,3.4222e-06,4.6384e-08
207,12.3,-6.4348e-06,6.5442e-08,3.3942e-06,4.5639e-08,3.3942e-06,4.5639e-08
208,12.35,-6.3825e-06,6.4394e-08,3.3666e-06,4.4908e-08,3.3666e-06,4.4908e-08
209,12.4,-6.3308e-06,6.3367e-08,3.3393e-06,4.4192e-08,3.3393e-06,4.4192e-08
210,12.45,-6.2798e-06,6.2361e-08,3.3123e-06,4.349e-08,3.3123e-06,4.349e-08
211,12.5,-6.2293e-06,6.1374e-08,3.2856e-06,4.2802e-08,3.2856e-06,4.2802e-08
212,12.55,-6.1795e-06,6.0406e-08,3.2593e-06,4.2128e-08,3.2593e-06,4.2128e-08
213,12.6,-6.1302e-06,5.9458e-08,3.2332e-06,4.1467e-08,3.2332e-06,4.1467e-08
214,12.65,-6.0816e-06,5.8528e-08,3.2075e-06,4.0818e-08,3.2075e-06,4.0818e-08
215,12.7,-6.0335e-06,5.7615e-08,3.1821e-06,4.0182e-08,3.1821e-06,4.0182e-08
216,12.75,-5.986e-06,5.6721e-08,3.157e-06,3.9559e-08,3.157e-06,3.9559e-08
217,12.8,-5.939e-06,5.5844e-08,3.1322e-06,3.8947e-08,3.1322e-06,3.8947e-08
218,12.85,-5.8926e-06,5.4983e-08,3.1077e-06,3.8347e-08,3.1077e-06,3.8347e-08
219,12.9,-5.8467e-06,5.4139e-08,3.0834e-06,3.7759e-08,3.0834e-06,3.7759e-08
220,12.95,-5.8014e-06,5.3311e-08,3.0595e-06,3.7181e-08,3.0595e-06,3.7181e-08
221,13.0,-5.7566e-06,5.2499e-08,3.0358e-06,3.6615e-08,3.0358e-06,3.6615e-08
222,13.05,-5.7123e-06,5.1702e-08,3.0124e-06,3.6059e-08,3.0124e-06,3.6059e-08
223,13.1,-5.6685e-06,5.092e-08,2.9893e-06,3.5514e-08,2.9893e-06,3.5514e-08
224,13.15,-5.6253e-06,5.0152e-08,2.9664e-06,3.4979e-08,2.9664e-06,3.4979e-08
225,13.2,-5.5825e-06,4.9399e-08,2.9438e-06,3.4454e-08,2.9438e-06,3.4454e-08
226,13.25,-5.5402e-06,4.8661e-08,2.9215e-06,3.3939e-08,2.9215e-06,3.3939e-08
227,13.3,-5.4984e-06,4.7935e-08,2.8994e-06,3.3433e-08,2.8994e-06,3.3433e-08
228,13.35,-5.457e-06,4.7223e-08,2.8775e-06,3.2937e-08,2.8775e-06,3.2937e-08
229,13.4,-5.4161e-06,4.6525e-08,2.8559e-06,3.245e-08,2.8559e-06,3.245e-08
230,13.45,-5.3757e-06,4.5839e-08,2.8346e-06,3.1971e-08,2.8346e-06,3.1971e-08
231,13.5,-5.3358e-06,4.5165e-08,2.8135e-06,3.1502e-08,2.8135e-06,3.1502e-08
232,13.55,-5.2962e-06,4.4504e-08,2.7926e-06,3.1041e-08,2.7926e-06,3.1041e-08
233,13.6,-5.2571e-06,4.3855e-08,2.7719e-06,3.0588e-08,2.7719e-06,3.0588e-08
234,13.65,-5.2185e-06,4.3217e-08,2.7515e-06,3.0144e-08,2.7515e-06,3.0144e-08
235,13.7,-5.1802e-06,4.2591e-08,2.7313e-06,2.9707e-08,2.7313e-06,2.9707e-08
236,13.75,-5.1424e-06,4.1977e-08,2.7114e-06,2.9279e-08,2.7114e-06,2.9279e-08
237,13.8,-5.105e-06,4.1373e-08,2.6916e-06,2.8858e-08,2.6916e-06,2.8858e-08
238,13.85,-5.068e-06,4.078e-08,2.6721e-06,2.8444e-08,2.6721e-06,2.8444e-08
239,13.9,-5.0314e-06,4.0197e-08,2.6527e-06,2.8038e-08,2.6527e-06,2.8038e-08
240,13.95,-4.9952e-06,3.9625e-08,2.6336e-06,2.7639e-08,2.6336e-06,2.7639e-08
241,14.0,-4.9594e-06,3.9063e-08,2.6147e-06,2.7247e-08,2.6147e-06,2.7247e-08
242,14.05,-4.924e-06,3.8511e-08,2.596e-06,2.6862e-08,2.596e-06,2.6862e-08
243,14.1,-4.8889e-06,3.7969e-08,2.5775e-06,2.6484e-08,2.5775e-06,2.6484e-08
244,14.15,-4.8543e-06,3.7436e-08,2.5592e-06,2.6112e-08,2.5592e-06,2.6112e-08
245,14.2,-4.82e-06,3.6912e-08,2.541e-06,2.5747e-08,2.541e-06,2.5747e-08
246,14.25,-4.786e-06,3.6397e-08,2.5231e-06,2.5388e-08,2.5231e-06,2.5388e-08
247,14.3,-4.7524e-06,3.5891e-08,2.5054e-06,2.5035e-08,2.5054e-06,2.5035e-08
248,14.35,-4.7192e-06,3.5394e-08,2.4878e-06,2.4689e-08,2.4878e-06,2.4689e-08
249,14.4,-4.6863e-06,3.4906e-08,2.4705e-06,2.4348e-08,2.4705e-06,2.4348e-08
250,14.45,-4.6538e-06,3.4426e-08,2.4533e-06,2.4013e-08,2.4533e-06,2.4013e-08
251,14.5,-4.6215e-06,3.3954e-08,2.4363e-06,2.3684e-08,2.4363e-06,2.3684e-08
252,14.55,-4.5897e-06,3.349e-08,2.4194e-06,2.3361e-08,2.4194e-06,2.3361e-08
253,14.6,-4.5581e-06,3.3034e-08,2.4028e-06,2.3043e-08,2.4028e-06,2.3043e-08
254,14.65,-4.5269e-06,3.2585e-08,2.3863e-06,2.273e-08,2.3863e-06,2.273e-08
255,14.7,-4.496e-06,3.2144e-08,2.37e-06,2.2423e-08,2.37e-06,2.2423e-08
256,14.75,-4.4654e-06,3.1711e-08,2.3538e-06,2.212e-08,2.3538e-06,2.212e-08
257,14.8,-4.4351e-06,3.1285e-08,2.3378e-06,2.1823e-08,2.3378e-06,2.1823e-08
258,14.85,-4.4052e-06,3.0866e-08,2.322e-06,2.1531e-08,2.322e-06,2.1531e-08
259,14.9,-4.3755e-06,3.0454e-08,2.3063e-06,2.1243e-08,2.3063e-06,2.1243e-08
260,14.95,-4.3461e-06,3.0048e-08,2.2908e-06,2.0961e-08,2.2908e-06,2.0961e-08
261,15.0,-4.3171e-06,2.965e-08,2.2755e-06,2.0683e-08,2.2755e-06,2.0683e-08
262,15.05,-4.2883e-06,2.9257e-08,2.2603e-06,2.0409e-08,2.2603e-06,2.0409e-08
263,15.1,-4.2598e-06,2.8872e-08,2.2453e-06,2.014e-08,2.2453e-06,2.014e-08
264,15.15,-4.2316e-06,2.8492e-08,2.2304e-06,1.9876e-08,2.2304e-06,1.9876e-08
265,15.2,-4.2036e-06,2.8119e-08,2.2156e-06,1.9616e-08,2.2156e-06,1.9616e-08
266,15.25,-4.176e-06,2.7752e-08,2.201e-06,1.936e-08,2.201e-06,1.936e-08
267,15.3,-4.1486e-06,2.7391e-08,2.1866e-06,1.9108e-08,2.1866e-06,1.9108e-08
268,15.35,-4.1215e-06,2.7036e-08,2.1722e-06,1.886e-08,2.1722e-06,1.886e-08
269,15.4,-4.0946e-06,2.6686e-08,2.1581e-06,1.8616e-08,2.1581e-06,1.8616e-08
270,15.45,-4.068e-06,2.6342e-08,2.144e-06,1.8376e-08,2.144e-06,1.8376e-08
271,15.5,-4.0417e-06,2.6003e-08,2.1301e-06,1.814e-08,2.1301e-06,1.814e-08
272,15.55,-4.0156e-06,2.567e-08,2.1164e-06,1.7908e-08,2.1164e-06,1.7908e-08
273,15.6,-3.9898e-06,2.5342e-08,2.1027e-06,1.7679e-08,2.1027e-06,1.7679e-08
274,15.65,-3.9642e-06,2.502e-08,2.0892e-06,1.7454e-08,2.0892e-06,1.7454e-08
275,15.7,-3.9389e-06,2.4702e-08,2.0759e-06,1.7233e-08,2.0759e-06,1.7233e-08
276,15.75,-3.9138e-06,2.439e-08,2.0626e-06,1.7015e-08,2.0626e-06,1.7015e-08
277,15.8,-3.889e-06,2.4082e-08,2.0495e-06,1.68e-08,2.0495e-06,1.68e-08
278,15.85,-3.8643e-06,2.3779e-08,2.0365e-06,1.6589e-08,2.0365e-06,1.6589e-08
279,15.9,-3.84e-06,2.3481e-08,2.0236e-06,1.6381e-08,2.0236e-06,1.6381e-08
280,15.95,-3.8158e-06,2.3188e-08,2.0109e-06,1.6176e-08,2.0109e-06,1.6176e-08
281,16.0,-3.7919e-06,2.2899e-08,1.9983e-06,1.5975e-08,1.9983e-06,1.5975e-08
282,16.05,-3.7682e-06,2.2614e-08,1.9858e-06,1.5776e-08,1.9858e-06,1.5776e-08
283,16.1,-3.7447e-06,2.2334e-08,1.9734e-06,1.5581e-08,1.9734e-06,1.5581e-08
284,16.15,-3.7215e-06,2.2058e-08,1.9611e-06,1.5389e-08,1.9611e-06,1.5389e-08
285,16.2,-3.6984e-06,2.1787e-08,1.9489e-06,1.5199e-08,1.9489e-06,1.5199e-08
286,16.25,-3.6756e-06,2.1519e-08,1.9369e-06,1.5013e-08,1.9369e-06,1.5013e-08
287,16.3,-3.653e-06,2.1256e-08,1.9249e-06,1.4829e-08,1.9249e-06,1.4829e-08
288,16.35,-3.6306e-06,2.0997e-08,1.9131e-06,1.4648e-08,1.9131e-06,1.4648e-08
289,16.4,-3.6083e-06,2.0741e-08,1.9014e-06,1.447e-08,1.9014e-06,1.447e-08
290,16.45,-3.5863e-06,2.049e-08,1.8898e-06,1.4295e-08,1.8898e-06,1.4295e-08
291,16.5,-3.5645e-06,2.0242e-08,1.8783e-06,1.4122e-08,1.8783e-06,1.4122e-08
292,16.55,-3.5429e-06,1.9998e-08,1.8669e-06,1.3952e-08,1.8669e-06,1.3952e-08
293,16.6,-3.5215e-06,1.9757e-08,1.8556e-06,1.3784e-08,1.8556e-06,1.3784e-08
294,16.65,-3.5003e-06,1.952e-08,1.8444e-06,1.3619e-08,1.8444e-06,1.3619e-08
295,16.7,-3.4793e-06,1.9287e-08,1.8333e-06,1.3456e-08,1.8333e-06,1.3456e-08
296,16.75,-3.4585e-06,1.9057e-08,1.8223e-06,1.3296e-08,1.8223e-06,1.3296e-08
297,16.8,-3.4378e-06,1.8831e-08,1.8114e-06,1.3138e-08,1.8114e-06,1.3138e-08
298,16.85,-3.4174e-06,1.8608e-08,1.8006e-06,1.2982e-08,1.8006e-06,1.2982e-08
299,16.9,-3.3971e-06,1.8388e-08,1.7899e-06,1.2829e-08,1.7899e-06,1.2829e-08
300,16.95,-3.377e-06,1.8171e-08,1.7793e-06,1.2678e-08,1.7793e-06,1.2678e-08
301,17.0,-3.3571e-06,1.7958e-08,1.7688e-06,1.2529e-08,1.7688e-06,1.2529e-08
302,17.05,-3.3373e-06,1.7747e-08,1.7584e-06,1.2382e-08,1.7584e-06,1.2382e-08
303,17.1,-3.3177e-06,1.754e-08,1.7481e-06,1.2237e-08,1.7481e-06,1.2237e-08
304,17.15,-3.2983e-06,1.7336e-08,1.7378e-06,1.2095e-08,1.7378e-06,1.2095e-08
305,17.2,-3.2791e-06,1.7134e-08,1.7277e-06,1.1955e-08,1.7277e-06,1.1955e-08
306,17.25,-3.26e-06,1.6936e-08,1.7176e-06,1.1816e-08,1.7176e-06,1.1816e-08
307,17.3,-3.2411e-06,1.674e-08,1.7076e-06,1.168e-08,1.7076e-06,1.168e-08
308,17.35,-3.2224e-06,1.6548e-08,1.6978e-06,1.1545e-08,1.6978e-06,1.1545e-08
309,17.4,-3.2038e-06,1.6358e-08,1.688e-06,1.1413e-08,1.688e-06,1.1413e-08
310,17.45,-3.1854e-06,1.617e-08,1.6782e-06,1.1282e-08,1.6782e-06,1.1282e-08
311,17.5,-3.1672e-06,1.5986e-08,1.6686e-06,1.1153e-08,1.6686e-06,1.1153e-08
312,17.55,-3.1491e-06,1.5804e-08,1.6591e-06,1.1026e-08,1.6591e-06,1.1026e-08
313,17.6,-3.1311e-06,1.5624e-08,1.6496e-06,1.0901e-08,1.6496e-06,1.0901e-08
314,17.65,-3.1133e-06,1.5447e-08,1.6402e-06,1.0778e-08,1.6402e-06,1.0778e-08
315,17.7,-3.0957e-06,1.5273e-08,1.6309e-06,1.0656e-08,1.6309e-06,1.0656e-08
316,17.75,-3.0782e-06,1.5101e-08,1.6217e-06,1.0536e-08,1.6217e-06,1.0536e-08
317,17.8,-3.0609e-06,1.4931e-08,1.6125e-06,1.0418e-08,1.6125e-06,1.0418e-08
318,17.85,-3.0437e-06,1.4764e-08,1.6035e-06,1.0301e-08,1.6035e-06,1.0301e-08
319,17.9,-3.0266e-06,1.4599e-08,1.5945e-06,1.0186e-08,1.5945e-06,1.0186e-08
320,17.95,-3.0097e-06,1.4436e-08,1.5856e-06,1.0072e-08,1.5856e-06,1.0072e-08
321,18.0,-2.993e-06,1.4276e-08,1.5767e-06,9.9606e-09,1.5767e-06,9.9606e-09
322,18.05,-2.9763e-06,1.4118e-08,1.5679e-06,9.8502e-09,1.5679e-06,9.8502e-09
323,18.1,-2.9598e-06,1.3962e-08,1.5592e-06,9.7414e-09,1.5592e-06,9.7414e-09
324,18.15,-2.9435e-06,1.3808e-08,1.5506e-06,9.634e-09,1.5506e-06,9.634e-09
325,18.2,-2.9273e-06,1.3656e-08,1.5421e-06,9.5282e-09,1.5421e-06,9.5282e-09
326,18.25,-2.9112e-06,1.3506e-08,1.5336e-06,9.4238e-09,1.5336e-06,9.4238e-09
327,18.3,-2.8952e-06,1.3359e-08,1.5252e-06,9.3208e-09,1.5252e-06,9.3208e-09
328,18.35,-2.8794e-06,1.3213e-08,1.5168e-06,9.2191e-09,1.5168e-06,9.2191e-09
329,18.4,-2.8637e-06,1.3069e-08,1.5085e-06,9.1189e-09,1.5085e-06,9.1189e-09
330,18.45,-2.8482e-06,1.2927e-08,1.5003e-06,9.02e-09,1.5003e-06,9.02e-09
331,18.5,-2.8327e-06,1.2788e-08,1.4922e-06,8.9225e-09,1.4922e-06,8.9225e-09
332,18.55,-2.8174e-06,1.265e-08,1.4841e-06,8.8262e-09,1.4841e-06,8.8262e-09
333,18.6,-2.8022e-06,1.2513e-08,1.4761e-06,8.7313e-09,1.4761e-06,8.7313e-09
334,18.65,-2.7872e-06,1.2379e-08,1.4682e-06,8.6376e-09,1.4682e-06,8.6376e-09
335,18.7,-2.7722e-06,1.2247e-08,1.4603e-06,8.5452e-09,1.4603e-06,8.5452e-09
336,18.75,-2.7574e-06,1.2116e-08,1.4525e-06,8.454e-09,1.4525e-06,8.454e-09
337,18.8,-2.7427e-06,1.1987e-08,1.4447e-06,8.364e-09,1.4447e-06,8.364e-09
338,18.85,-2.7281e-06,1.186e-08,1.437e-06,8.2751e-09,1.437e-06,8.2751e-09
339,18.9,-2.7136e-06,1.1734e-08,1.4294e-06,8.1875e-09,1.4294e-06,8.1875e-09
340,18.95,-2.6993e-06,1.161e-08,1.4218e-06,8.101e-09,1.4218e-06,8.101e-09
341,19.0,-2.685e-06,1.1488e-08,1.4143e-06,8.0156e-09,1.4143e-06,8.0156e-09
342,19.05,-2.6709e-06,1.1367e-08,1.4069e-06,7.9314e-09,1.4069e-06,7.9314e-09
343,19.1,-2.6569e-06,1.1248e-08,1.3995e-06,7.8483e-09,1.3995e-06,7.8483e-09
344,19.15,-2.643e-06,1.113e-08,1.3921e-06,7.7662e-09,1.3921e-06,7.7662e-09
345,19.2,-2.6292e-06,1.1014e-08,1.3848e-06,7.6852e-09,1.3848e-06,7.6852e-09
346,19.25,-2.6155e-06,1.0899e-08,1.3776e-06,7.6052e-09,1.3776e-06,7.6052e-09
347,19.3,-2.6019e-06,1.0786e-08,1.3705e-06,7.5263e-09,1.3705e-06,7.5263e-09
348,19.35,-2.5884e-06,1.0674e-08,1.3634e-06,7.4484e-09,1.3634e-06,7.4484e-09
349,19.4,-2.5751e-06,1.0564e-08,1.3563e-06,7.3715e-09,1.3563e-06,7.3715e-09
350,19.45,-2.5618e-06,1.0455e-08,1.3493e-06,7.2956e-09,1.3493e-06,7.2956e-09
351,19.5,-2.5486e-06,1.0348e-08,1.3424e-06,7.2207e-09,1.3424e-06,7.2207e-09
352,19.55,-2.5355e-06,1.0242e-08,1.3355e-06,7.1467e-09,1.3355e-06,7.1467e-09
353,19.6,-2.5226e-06,1.0137e-08,1.3286e-06,7.0736e-09,1.3286e-06,7.0736e-09
354,19.65,-2.5097e-06,1.0034e-08,1.3218e-06,7.0015e-09,1.3218e-06,7.0015e-09
355,19.7,-2.4969e-06,9.9317e-09,1.3151e-06,6.9303e-09,1.3151e-06,6.9303e-09
356,19.75,-2.4843e-06,9.831e-09,1.3084e-06,6.86e-09,1.3084e-06,6.86e-09
357,19.8,-2.4717e-06,9.7314e-09,1.3018e-06,6.7906e-09,1.3018e-06,6.7906e-09
358,19.85,-2.4592e-06,9.6332e-09,1.2952e-06,6.722e-09,1.2952e-06,6.722e-09
359,19.9,-2.4468e-06,9.5361e-09,1.2887e-06,6.6543e-09,1.2887e-06,6.6543e-09
360,19.95,-2.4345e-06,9.4403e-09,1.2822e-06,6.5875e-09,1.2822e-06,6.5875e-09
361,20.0,-2.4223e-06,9.3457e-09,1.2758e-06,6.5214e-09,1.2758e-06,6.5214e-09
362,20.05,-2.4102e-06,9.2522e-09,1.2694e-06,6.4563e-09,1.2694e-06,6.4563e-09
363,20.1,-2.3982e-06,9.1599e-09,1.263e-06,6.3919e-09,1.263e-06,6.3919e-09
364,20.15,-2.3863e-06,9.0688e-09,1.2567e-06,6.3283e-09,1.2567e-06,6.3283e-09
365,20.2,-2.3744e-06,8.9788e-09,1.2505e-06,6.2655e-09,1.2505e-06,6.2655e-09
366,20.25,-2.3627e-06,8.8899e-09,1.2443e-06,6.2034e-09,1.2443e-06,6.2034e-09
367,20.3,-2.351e-06,8.802e-09,1.2382e-06,6.1422e-09,1.2382e-06,6.1422e-09
368,20.35,-2.3394e-06,8.7153e-09,1.2321e-06,6.0817e-09,1.2321e-06,6.0817e-09
369,20.4,-2.3279e-06,8.6296e-09,1.226e-06,6.0219e-09,1.226e-06,6.0219e-09
370,20.45,-2.3165e-06,8.545e-09,1.22e-06,5.9628e-09,1.22e-06,5.9628e-09
371,20.5,-2.3052e-06,8.4614e-09,1.214e-06,5.9045e-09,1.214e-06,5.9045e-09
372,20.55,-2.294e-06,8.3788e-09,1.2081e-06,5.8469e-09,1.2081e-06,5.8469e-09
373,20.6,-2.2828e-06,8.2972e-09,1.2022e-06,5.79e-09,1.2022e-06,5.79e-09
374,20.65,-2.2717e-06,8.2166e-09,1.1964e-06,5.7337e-09,1.1964e-06,5.7337e-09
375,20.7,-2.2607e-06,8.1369e-09,1.1906e-06,5.6782e-09,1.1906e-06,5.6782e-09
376,20.75,-2.2498e-06,8.0583e-09,1.1848e-06,5.6233e-09,1.1848e-06,5.6233e-09
377,20.8,-2.239e-06,7.9805e-09,1.1791e-06,5.5691e-09,1.1791e-06,5.5691e-09
378,20.85,-2.2282e-06,7.9037e-09,1.1734e-06,5.5155e-09,1.1734e-06,5.5155e-09
379,20.9,-2.2175e-06,7.8278e-09,1.1678e-06,5.4625e-09,1.1678e-06,5.4625e-09
380,20.95,-2.2069e-06,7.7529e-09,1.1622e-06,5.4102e-09,1.1622e-06,5.4102e-09
381,21.0,-2.1964e-06,7.6788e-09,1.1566e-06,5.3585e-09,1.1566e-06,5.3585e-09
382,21.05,-2.1859e-06,7.6056e-09,1.1511e-06,5.3075e-09,1.1511e-06,5.3075e-09
383,21.1,-2.1755e-06,7.5332e-09,1.1456e-06,5.257e-09,1.1456e-06,5.257e-09
384,21.15,-2.1652e-06,7.4617e-09,1.1402e-06,5.2071e-09,1.1402e-06,5.2071e-09
385,21.2,-2.155e-06,7.3911e-09,1.1348e-06,5.1578e-09,1.1348e-06,5.1578e-09
386,21.25,-2.1448e-06,7.3213e-09,1.1295e-06,5.1091e-09,1.1295e-06,5.1091e-09
387,21.3,-2.1347e-06,7.2523e-09,1.1241e-06,5.061e-09,1.1241e-06,5.061e-09
388,21.35,-2.1247e-06,7.1841e-09,1.1189e-06,5.0134e-09,1.1189e-06,5.0134e-09
389,21.4,-2.1148e-06,7.1167e-09,1.1136e-06,4.9664e-09,1.1136e-06,4.9664e-09
390,21.45,-2.1049e-06,7.0501e-09,1.1084e-06,4.9199e-09,1.1084e-06,4.9199e-09
391,21.5,-2.0951e-06,6.9843e-09,1.1032e-06,4.874e-09,1.1032e-06,4.874e-09
392,21.55,-2.0853e-06,6.9192e-09,1.0981e-06,4.8286e-09,1.0981e-06,4.8286e-09
393,21.6,-2.0757e-06,6.8549e-09,1.093e-06,4.7837e-09,1.093e-06,4.7837e-09
394,21.65,-2.0661e-06,6.7913e-09,1.0879e-06,4.7394e-09,1.0879e-06,4.7394e-09
395,21.7,-2.0565e-06,6.7285e-09,1.0829e-06,4.6955e-09,1.0829e-06,4.6955e-09
396,21.75,-2.047e-06,6.6663e-09,1.0779e-06,4.6522e-09,1.0779e-06,4.6522e-09
397,21.8,-2.0376e-06,6.6049e-09,1.0729e-06,4.6093e-09,1.0729e-06,4.6093e-09
398,21.85,-2.0283e-06,6.5442e-09,1.068e-06,4.567e-09,1.068e-06,4.567e-09
399,21.9,-2.019e-06,6.4842e-09,1.0631e-06,4.5251e-09,1.0631e-06,4.5251e-09
400,21.95,-2.0098e-06,6.4249e-09,1.0583e-06,4.4837e-09,1.0583e-06,4.4837e-09
401,22.0,-2.0006e-06,6.3662e-09,1.0534e-06,4.4428e-09,1.0534e-06,4.4428e-09
402,22.05,-1.9915e-06,6.3082e-09,1.0487e-06,4.4023e-09,1.0487e-06,4.4023e-09
403,22.1,-1.9825e-06,6.2509e-09,1.0439e-06,4.3623e-09,1.0439e-06,4.3623e-09
404,22.15,-1.9735e-06,6.1942e-09,1.0392e-06,4.3228e-09,1.0392e-06,4.3228e-09
405,22.2,-1.9646e-06,6.1382e-09,1.0345e-06,4.2837e-09,1.0345e-06,4.2837e-09
406,22.25,-1.9558e-06,6.0827e-09,1.0298e-06,4.245e-09,1.0298e-06,4.245e-09
407,22.3,-1.947e-06,6.0279e-09,1.0252e-06,4.2068e-09,1.0252e-06,4.2068e-09
408,22.35,-1.9383e-06,5.9737e-09,1.0206e-06,4.1689e-09,1.0206e-06,4.1689e-09
409,22.4,-1.9296e-06,5.9202e-09,1.016e-06,4.1316e-09,1.016e-06,4.1316e-09
410,22.45,-1.921e-06,5.8672e-09,1.0115e-06,4.0946e-09,1.0115e-06,4.0946e-09
411,22.5,-1.9124e-06,5.8148e-09,1.007e-06,4.058e-09,1.007e-06,4.058e-09
412,22.55,-1.9039e-06,5.763e-09,1.0025e-06,4.0219e-09,1.0025e-06,4.0219e-09
413,22.6,-1.8955e-06,5.7117e-09,9.9803e-07,3.9861e-09,9.9803e-07,3.9861e-09
414,22.65,-1.8871e-06,5.6611e-09,9.9361e-07,3.9508e-09,9.9361e-07,3.9508e-09
415,22.7,-1.8788e-06,5.6109e-09,9.8922e-07,3.9158e-09,9.8922e-07,3.9158e-09
416,22.75,-1.8705e-06,5.5614e-09,9.8486e-07,3.8812e-09,9.8486e-07,3.8812e-09
417,22.8,-1.8623e-06,5.5123e-09,9.8053e-07,3.847e-09,9.8053e-07,3.847e-09
418,22.85,-1.8541e-06,5.4639e-09,9.7622e-07,3.8132e-09,9.7622e-07,3.8132e-09
419,22.9,-1.846e-06,5.4159e-09,9.7195e-07,3.7797e-09,9.7195e-07,3.7797e-09
420,22.95,-1.8379e-06,5.3685e-09,9.677e-07,3.7466e-09,9.677e-07,3.7466e-09
421,23.0,-1.8299e-06,5.3216e-09,9.6348e-07,3.7139e-09,9.6348e-07,3.7139e-09
422,23.05,-1.822e-06,5.2751e-09,9.5929e-07,3.6815e-09,9.5929e-07,3.6815e-09
423,23.1,-1.8141e-06,5.2292e-09,9.5512e-07,3.6495e-09,9.5512e-07,3.6495e-09
424,23.15,-1.8062e-06,5.1838e-09,9.5098e-07,3.6178e-09,9.5098e-07,3.6178e-09
425,23.2,-1.7984e-06,5.1389e-09,9.4687e-07,3.5865e-09,9.4687e-07,3.5865e-09
426,23.25,-1.7907e-06,5.0945e-09,9.4279e-07,3.5555e-09,9.4279e-07,3.5555e-09
427,23.3,-1.783e-06,5.0505e-09,9.3873e-07,3.5248e-09,9.3873e-07,3.5248e-09
428,23.35,-1.7753e-06,5.007e-09,9.347e-07,3.4944e-09,9.347e-07,3.4944e-09
429,23.4,-1.7677e-06,4.964e-09,9.3069e-07,3.4644e-09,9.3069e-07,3.4644e-09
430,23.45,-1.7602e-06,4.9214e-09,9.2671e-07,3.4347e-09,9.2671e-07,3.4347e-09
431,23.5,-1.7527e-06,4.8793e-09,9.2276e-07,3.4053e-09,9.2276e-07,3.4053e-09
432,23.55,-1.7452e-06,4.8377e-09,9.1883e-07,3.3763e-09,9.1883e-07,3.3763e-09
433,23.6,-1.7378e-06,4.7964e-09,9.1493e-07,3.3475e-09,9.1493e-07,3.3475e-09
434,23.65,-1.7304e-06,4.7557e-09,9.1105e-07,3.319e-09,9.1105e-07,3.319e-09
435,23.7,-1.7231e-06,4.7153e-09,9.0719e-07,3.2909e-09,9.0719e-07,3.2909e-09
436,23.75,-1.7159e-06,4.6754e-09,9.0336e-07,3.263e-09,9.0336e-07,3.263e-09
437,23.8,-1.7086e-06,4.6359e-09,8.9956e-07,3.2355e-09,8.9956e-07,3.2355e-09
438,23.85,-1.7015e-06,4.5968e-09,8.9577e-07,3.2082e-09,8.9577e-07,3.2082e-09
439,23.9,-1.6943e-06,4.5581e-09,8.9202e-07,3.1812e-09,8.9202e-07,3.1812e-09
440,23.95,-1.6872e-06,4.5198e-09,8.8828e-07,3.1545e-09,8.8828e-07,3.1545e-09
441,24.0,-1.6802e-06,4.4819e-09,8.8457e-07,3.128e-09,8.8457e-07,3.128e-09
442,24.05,-1.6732e-06,4.4445e-09,8.8088e-07,3.1019e-09,8.8088e-07,3.1019e-09
443,24.1,-1.6662e-06,4.4074e-09,8.7722e-07,3.076e-09,8.7722e-07,3.076e-09
444,24.15,-1.6593e-06,4.3706e-09,8.7357e-07,3.0504e-09,8.7357e-07,3.0504e-09
445,24.2,-1.6525e-06,4.3343e-09,8.6995e-07,3.025e-09,8.6995e-07,3.025e-09
446,24.25,-1.6456e-06,4.2984e-09,8.6636e-07,3e-09,8.6636e-07,3e-09
447,24.3,-1.6389e-06,4.2628e-09,8.6278e-07,2.9751e-09,8.6278e-07,2.9751e-09
448,24.35,-1.6321e-06,4.2275e-09,8.5923e-07,2.9505e-09,8.5923e-07,2.9505e-09
449,24.4,-1.6254e-06,4.1927e-09,8.557e-07,2.9262e-09,8.557e-07,2.9262e-09
450,24.45,-1.6188e-06,4.1582e-09,8.5219e-07,2.9021e-09,8.5219e-07,2.9021e-09
451,24.5,-1.6121e-06,4.124e-09,8.487e-07,2.8783e-09,8.487e-07,2.8783e-09
452,24.55,-1.6056e-06,4.0902e-09,8.4524e-07,2.8547e-09,8.4524e-07,2.8547e-09
453,24.6,-1.599e-06,4.0568e-09,8.4179e-07,2.8314e-09,8.4179e-07,2.8314e-09
454,24.65,-1.5925e-06,4.0237e-09,8.3837e-07,2.8083e-09,8.3837e-07,2.8083e-09
455,24.7,-1.5861e-06,3.9909e-09,8.3496e-07,2.7854e-09,8.3496e-07,2.7854e-09
456,24.75,-1.5796e-06,3.9584e-09,8.3158e-07,2.7628e-09,8.3158e-07,2.7628e-09
457,24.8,-1.5733e-06,3.9263e-09,8.2822e-07,2.7403e-09,8.2822e-07,2.7403e-09
458,24.85,-1.5669e-06,3.8945e-09,8.2488e-07,2.7182e-09,8.2488e-07,2.7182e-09
459,24.9,-1.5606e-06,3.863e-09,8.2156e-07,2.6962e-09,8.2156e-07,2.6962e-09
460,24.95,-1.5544e-06,3.8319e-09,8.1826e-07,2.6745e-09,8.1826e-07,2.6745e-09
461,25.0,-1.5481e-06,3.801e-09,8.1497e-07,2.6529e-09,8.1497e-07,2.6529e-09
462,25.05,-1.5419e-06,3.7705e-09,8.1171e-07,2.6316e-09,8.1171e-07,2.6316e-09
463,25.1,-1.5358e-06,3.7403e-09,8.0847e-07,2.6105e-09,8.0847e-07,2.6105e-09
464,25.15,-1.5297e-06,3.7103e-09,8.0525e-07,2.5896e-09,8.0525e-07,2.5896e-09
465,25.2,-1.5236e-06,3.6807e-09,8.0204e-07,2.5689e-09,8.0204e-07,2.5689e-09
466,25.25,-1.5175e-06,3.6514e-09,7.9886e-07,2.5485e-09,7.9886e-07,2.5485e-09
467,25.3,-1.5115e-06,3.6223e-09,7.9569e-07,2.5282e-09,7.9569e-07,2.5282e-09
468,25.35,-1.5056e-06,3.5935e-09,7.9255e-07,2.5081e-09,7.9255e-07,2.5081e-09
469,25.4,-1.4996e-06,3.5651e-09,7.8942e-07,2.4883e-09,7.8942e-07,2.4883e-09
470,25.45,-1.4937e-06,3.5369e-09,7.8631e-07,2.4686e-09,7.8631e-07,2.4686e-09
471,25.5,-1.4879e-06,3.5089e-09,7.8322e-07,2.4491e-09,7.8322e-07,2.4491e-09
472,25.55,-1.482e-06,3.4813e-09,7.8014e-07,2.4298e-09,7.8014e-07,2.4298e-09
473,25.6,-1.4762e-06,3.4539e-09,7.7709e-07,2.4107e-09,7.7709e-07,2.4107e-09
474,25.65,-1.4705e-06,3.4268e-09,7.7405e-07,2.3918e-09,7.7405e-07,2.3918e-09
475,25.7,-1.4647e-06,3.4e-09,7.7103e-07,2.373e-09,7.7103e-07,2.373e-09
476,25.75,-1.459e-06,3.3734e-09,7.6803e-07,2.3545e-09,7.6803e-07,2.3545e-09
477,25.8,-1.4534e-06,3.347e-09,7.6505e-07,2.3361e-09,7.6505e-07,2.3361e-09
478,25.85,-1.4477e-06,3.321e-09,7.6208e-07,2.3179e-09,7.6208e-07,2.3179e-09
479,25.9,-1.4421e-06,3.2952e-09,7.5913e-07,2.2999e-09,7.5913e-07,2.2999e-09
480,25.95,-1.4366e-06,3.2696e-09,7.562e-07,2.2821e-09,7.562e-07,2.2821e-09
481,26.0,-1.431e-06,3.2443e-09,7.5328e-07,2.2644e-09,7.5328e-07,2.2644e-09
482,26.05,-1.4255e-06,3.2192e-09,7.5038e-07,2.2469e-09,7.5038e-07,2.2469e-09
483,26.1,-1.4201e-06,3.1943e-09,7.475e-07,2.2296e-09,7.475e-07,2.2296e-09
484,26.15,-1.4146e-06,3.1697e-09,7.4464e-07,2.2124e-09,7.4464e-07,2.2124e-09
485,26.2,-1.4092e-06,3.1454e-09,7.4179e-07,2.1954e-09,7.4179e-07,2.1954e-09
486,26.25,-1.4038e-06,3.1213e-09,7.3896e-07,2.1786e-09,7.3896e-07,2.1786e-09
487,26.3,-1.3985e-06,3.0974e-09,7.3614e-07,2.1619e-09,7.3614e-07,2.1619e-09
488,26.35,-1.3932e-06,3.0737e-09,7.3334e-07,2.1454e-09,7.3334e-07,2.1454e-09
489,26.4,-1.3879e-06,3.0502e-09,7.3055e-07,2.129e-09,7.3055e-07,2.129e-09
490,26.45,-1.3826e-06,3.027e-09,7.2779e-07,2.1128e-09,7.2779e-07,2.1128e-09
491,26.5,-1.3774e-06,3.004e-09,7.2503e-07,2.0967e-09,7.2503e-07,2.0967e-09
492,26.55,-1.3722e-06,2.9812e-09,7.223e-07,2.0808e-09,7.223e-07,2.0808e-09
493,26.6,-1.367e-06,2.9586e-09,7.1957e-07,2.0651e-09,7.1957e-07,2.0651e-09
494,26.65,-1.3619e-06,2.9363e-09,7.1687e-07,2.0495e-09,7.1687e-07,2.0495e-09
495,26.7,-1.3568e-06,2.9141e-09,7.1418e-07,2.034e-09,7.1418e-07,2.034e-09
496,26.75,-1.3517e-06,2.8922e-09,7.115e-07,2.0187e-09,7.115e-07,2.0187e-09
497,26.8,-1.3467e-06,2.8704e-09,7.0884e-07,2.0035e-09,7.0884e-07,2.0035e-09
498,26.85,-1.3416e-06,2.8489e-09,7.0619e-07,1.9885e-09,7.0619e-07,1.9885e-09
499,26.9,-1.3366e-06,2.8276e-09,7.0356e-07,1.9736e-09,7.0356e-07,1.9736e-09
500,26.95,-1.3317e-06,2.8064e-09,7.0094e-07,1.9589e-09,7.0094e-07,1.9589e-09
501,27.0,-1.3267e-06,2.7855e-09,6.9834e-07,1.9443e-09,6.9834e-07,1.9443e-09
502,27.05,-1.3218e-06,2.7648e-09,6.9575e-07,1.9298e-09,6.9575e-07,1.9298e-09
503,27.1,-1.3169e-06,2.7442e-09,6.9318e-07,1.9154e-09,6.9318e-07,1.9154e-09
504,27.15,-1.3121e-06,2.7238e-09,6.9062e-07,1.9012e-09,6.9062e-07,1.9012e-09
505,27.2,-1.3073e-06,2.7037e-09,6.8808e-07,1.8871e-09,6.8808e-07,1.8871e-09
506,27.25,-1.3025e-06,2.6837e-09,6.8555e-07,1.8732e-09,6.8555e-07,1.8732e-09
507,27.3,-1.2977e-06,2.6639e-09,6.8303e-07,1.8594e-09,6.8303e-07,1.8594e-09
508,27.35,-1.2929e-06,2.6442e-09,6.8053e-07,1.8457e-09,6.8053e-07,1.8457e-09
509,27.4,-1.2882e-06,2.6248e-09,6.7804e-07,1.8321e-09,6.7804e-07,1.8321e-09
510,27.45,-1.2835e-06,2.6055e-09,6.7556e-07,1.8187e-09,6.7556e-07,1.8187e-09
511,27.5,-1.2788e-06,2.5864e-09,6.731e-07,1.8053e-09,6.731e-07,1.8053e-09
512,27.55,-1.2742e-06,2.5675e-09,6.7065e-07,1.7921e-09,6.7065e-07,1.7921e-09
513,27.6,-1.2696e-06,2.5488e-09,6.6822e-07,1.7791e-09,6.6822e-07,1.7791e-09
514,27.65,-1.265e-06,2.5302e-09,6.6579e-07,1.7661e-09,6.6579e-07,1.7661e-09
515,27.7,-1.2604e-06,2.5118e-09,6.6339e-07,1.7533e-09,6.6339e-07,1.7533e-09
516,27.75,-1.2558e-06,2.4936e-09,6.6099e-07,1.7405e-09,6.6099e-07,1.7405e-09
517,27.8,-1.2513e-06,2.4755e-09,6.5861e-07,1.7279e-09,6.5861e-07,1.7279e-09
518,27.85,-1.2468e-06,2.4576e-09,6.5624e-07,1.7154e-09,6.5624e-07,1.7154e-09
519,27.9,-1.2423e-06,2.4398e-09,6.5388e-07,1.703e-09,6.5388e-07,1.703e-09
520,27.95,-1.2379e-06,2.4222e-09,6.5153e-07,1.6907e-09,6.5153e-07,1.6907e-09
521,28.0,-1.2335e-06,2.4048e-09,6.492e-07,1.6786e-09,6.492e-07,1.6786e-09
522,28.05,-1.229e-06,2.3875e-09,6.4688e-07,1.6665e-09,6.4688e-07,1.6665e-09
523,28.1,-1.2247e-06,2.3704e-09,6.4458e-07,1.6546e-09,6.4458e-07,1.6546e-09
524,28.15,-1.2203e-06,2.3534e-09,6.4228e-07,1.6427e-09,6.4228e-07,1.6427e-09
525,28.2,-1.216e-06,2.3366e-09,6.4e-07,1.631e-09,6.4e-07,1.631e-09
526,28.25,-1.2117e-06,2.3199e-09,6.3773e-07,1.6194e-09,6.3773e-07,1.6194e-09
527,28.3,-1.2074e-06,2.3034e-09,6.3547e-07,1.6078e-09,6.3547e-07,1.6078e-09
528,28.35,-1.2031e-06,2.287e-09,6.3322e-07,1.5964e-09,6.3322e-07,1.5964e-09
529,28.4,-1.1989e-06,2.2708e-09,6.3099e-07,1.5851e-09,6.3099e-07,1.5851e-09
530,28.45,-1.1947e-06,2.2547e-09,6.2877e-07,1.5738e-09,6.2877e-07,1.5738e-09
531,28.5,-1.1905e-06,2.2388e-09,6.2656e-07,1.5627e-09,6.2656e-07,1.5627e-09
532,28.55,-1.1863e-06,2.223e-09,6.2436e-07,1.5517e-09,6.2436e-07,1.5517e-09
533,28.6,-1.1821e-06,2.2073e-09,6.2217e-07,1.5407e-09,6.2217e-07,1.5407e-09
534,28.65,-1.178e-06,2.1918e-09,6.1999e-07,1.5299e-09,6.1999e-07,1.5299e-09
535,28.7,-1.1739e-06,2.1764e-09,6.1783e-07,1.5192e-09,6.1783e-07,1.5192e-09
536,28.75,-1.1698e-06,2.1611e-09,6.1567e-07,1.5085e-09,6.1567e-07,1.5085e-09
537,28.8,-1.1657e-06,2.146e-09,6.1353e-07,1.498e-09,6.1353e-07,1.498e-09
538,28.85,-1.1617e-06,2.131e-09,6.114e-07,1.4875e-09,6.114e-07,1.4875e-09
539,28.9,-1.1577e-06,2.1161e-09,6.0928e-07,1.4771e-09,6.0928e-07,1.4771e-09
540,28.95,-1.1537e-06,2.1014e-09,6.0717e-07,1.4668e-09,6.0717e-07,1.4668e-09
541,29.0,-1.1497e-06,2.0868e-09,6.0507e-07,1.4566e-09,6.0507e-07,1.4566e-09
542,29.05,-1.1457e-06,2.0723e-09,6.0299e-07,1.4465e-09,6.0299e-07,1.4465e-09
543,29.1,-1.1418e-06,2.058e-09,6.0091e-07,1.4365e-09,6.0091e-07,1.4365e-09
544,29.15,-1.1378e-06,2.0437e-09,5.9884e-07,1.4266e-09,5.9884e-07,1.4266e-09
545,29.2,-1.1339e-06,2.0296e-09,5.9679e-07,1.4167e-09,5.9679e-07,1.4167e-09
546,29.25,-1.1301e-06,2.0156e-09,5.9475e-07,1.407e-09,5.9475e-07,1.407e-09
547,29.3,-1.1262e-06,2.0018e-09,5.9271e-07,1.3973e-09,5.9271e-07,1.3973e-09
548,29.35,-1.1224e-06,1.988e-09,5.9069e-07,1.3877e-09,5.9069e-07,1.3877e-09
549,29.4,-1.1185e-06,1.9744e-09,5.8867e-07,1.3782e-09,5.8867e-07,1.3782e-09
550,29.45,-1.1147e-06,1.9609e-09,5.8667e-07,1.3688e-09,5.8667e-07,1.3688e-09
551,29.5,-1.1109e-06,1.9475e-09,5.8468e-07,1.3594e-09,5.8468e-07,1.3594e-09
552,29.55,-1.1072e-06,1.9342e-09,5.827e-07,1.3501e-09,5.827e-07,1.3501e-09
553,29.6,-1.1034e-06,1.921e-09,5.8072e-07,1.3409e-09,5.8072e-07,1.3409e-09
554,29.65,-1.0997e-06,1.9079e-09,5.7876e-07,1.3318e-09,5.7876e-07,1.3318e-09
555,29.7,-1.096e-06,1.895e-09,5.7681e-07,1.3228e-09,5.7681e-07,1.3228e-09
556,29.75,-1.0923e-06,1.8821e-09,5.7487e-07,1.3138e-09,5.7487e-07,1.3138e-09
557,29.8,-1.0886e-06,1.8694e-09,5.7293e-07,1.3049e-09,5.7293e-07,1.3049e-09
558,29.85,-1.085e-06,1.8568e-09,5.7101e-07,1.2961e-09,5.7101e-07,1.2961e-09
559,29.9,-1.0814e-06,1.8443e-09,5.691e-07,1.2874e-09,5.691e-07,1.2874e-09
560,29.95,-1.0777e-06,1.8318e-09,5.6719e-07,1.2787e-09,5.6719e-07,1.2787e-09
561,30.0,-1.0741e-06,1.8195e-09,5.653e-07,1.2701e-09,5.653e-07,1.2701e-09
562,30.05,-1.0706e-06,1.8073e-09,5.6341e-07,1.2616e-09,5.6341e-07,1.2616e-09
563,30.1,-1.067e-06,1.7952e-09,5.6154e-07,1.2531e-09,5.6154e-07,1.2531e-09
564,30.15,-1.0635e-06,1.7832e-09,5.5967e-07,1.2448e-09,5.5967e-07,1.2448e-09
565,30.2,-1.0599e-06,1.7713e-09,5.5781e-07,1.2365e-09,5.5781e-07,1.2365e-09
566,30.25,-1.0564e-06,1.7595e-09,5.5597e-07,1.2282e-09,5.5597e-07,1.2282e-09
567,30.3,-1.0529e-06,1.7478e-09,5.5413e-07,1.22e-09,5.5413e-07,1.22e-09
568,30.35,-1.0495e-06,1.7362e-09,5.523e-07,1.2119e-09,5.523e-07,1.2119e-09
569,30.4,-1.046e-06,1.7246e-09,5.5048e-07,1.2039e-09,5.5048e-07,1.2039e-09
570,30.45,-1.0426e-06,1.7132e-09,5.4867e-07,1.1959e-09,5.4867e-07,1.1959e-09
571,30.5,-1.0391e-06,1.7019e-09,5.4687e-07,1.188e-09,5.4687e-07,1.188e-09
572,30.55,-1.0357e-06,1.6907e-09,5.4507e-07,1.1802e-09,5.4507e-07,1.1802e-09
573,30.6,-1.0324e-06,1.6795e-09,5.4329e-07,1.1724e-09,5.4329e-07,1.1724e-09
574,30.65,-1.029e-06,1.6685e-09,5.4151e-07,1.1647e-09,5.4151e-07,1.1647e-09
575,30.7,-1.0256e-06,1.6575e-09,5.3974e-07,1.157e-09,5.3974e-07,1.157e-09
576,30.75,-1.0223e-06,1.6466e-09,5.3799e-07,1.1495e-09,5.3799e-07,1.1495e-09
577,30.8,-1.019e-06,1.6359e-09,5.3624e-07,1.1419e-09,5.3624e-07,1.1419e-09
578,30.85,-1.0157e-06,1.6252e-09,5.3449e-07,1.1345e-09,5.3449e-07,1.1345e-09
579,30.9,-1.0124e-06,1.6146e-09,5.3276e-07,1.1271e-09,5.3276e-07,1.1271e-09
580,30.95,-1.0091e-06,1.604e-09,5.3104e-07,1.1197e-09,5.3104e-07,1.1197e-09
581,31.0,-1.0058e-06,1.5936e-09,5.2932e-07,1.1124e-09,5.2932e-07,1.1124e-09
582,31.05,-1.0026e-06,1.5832e-09,5.2761e-07,1.1052e-09,5.2761e-07,1.1052e-09
583,31.1,-9.9936e-07,1.573e-09,5.2591e-07,1.098e-09,5.2591e-07,1.098e-09
584,31.15,-9.9615e-07,1.5628e-09,5.2422e-07,1.0909e-09,5.2422e-07,1.0909e-09
585,31.2,-9.9295e-07,1.5527e-09,5.2254e-07,1.0839e-09,5.2254e-07,1.0839e-09
586,31.25,-9.8977e-07,1.5427e-09,5.2086e-07,1.0769e-09,5.2086e-07,1.0769e-09
587,31.3,-9.866e-07,1.5327e-09,5.192e-07,1.0699e-09,5.192e-07,1.0699e-09
588,31.35,-9.8345e-07,1.5229e-09,5.1754e-07,1.0631e-09,5.1754e-07,1.0631e-09
589,31.4,-9.8032e-07,1.5131e-09,5.1589e-07,1.0562e-09,5.1589e-07,1.0562e-09
590,31.45,-9.7719e-07,1.5034e-09,5.1424e-07,1.0495e-09,5.1424e-07,1.0495e-09
591,31.5,-9.7409e-07,1.4938e-09,5.1261e-07,1.0427e-09,5.1261e-07,1.0427e-09
592,31.55,-9.71e-07,1.4842e-09,5.1098e-07,1.0361e-09,5.1098e-07,1.0361e-09
593,31.6,-9.6792e-07,1.4747e-09,5.0936e-07,1.0295e-09,5.0936e-07,1.0295e-09
594,31.65,-9.6486e-07,1.4653e-09,5.0775e-07,1.0229e-09,5.0775e-07,1.0229e-09
595,31.7,-9.6181e-07,1.456e-09,5.0614e-07,1.0164e-09,5.0614e-07,1.0164e-09
596,31.75,-9.5878e-07,1.4468e-09,5.0454e-07,1.0099e-09,5.0454e-07,1.0099e-09
597,31.8,-9.5576e-07,1.4376e-09,5.0296e-07,1.0035e-09,5.0296e-07,1.0035e-09
598,31.85,-9.5276e-07,1.4285e-09,5.0137e-07,9.9719e-10,5.0137e-07,9.9719e-10
599,31.9,-9.4977e-07,1.4194e-09,4.998e-07,9.9088e-10,4.998e-07,9.9088e-10
600,31.95,-9.4679e-07,1.4105e-09,4.9823e-07,9.8463e-10,4.9823e-07,9.8463e-10
601,32.0,-9.4383e-07,1.4016e-09,4.9667e-07,9.7842e-10,4.9667e-07,9.7842e-10
602,32.05,-9.4088e-07,1.3928e-09,4.9512e-07,9.7227e-10,4.9512e-07,9.7227e-10
603,32.1,-9.3795e-07,1.384e-09,4.9357e-07,9.6616e-10,4.9357e-07,9.6616e-10
604,32.15,-9.3502e-07,1.3753e-09,4.9204e-07,9.601e-10,4.9204e-07,9.601e-10
605,32.2,-9.3212e-07,1.3667e-09,4.9051e-07,9.5408e-10,4.9051e-07,9.5408e-10
606,32.25,-9.2922e-07,1.3582e-09,4.8898e-07,9.4812e-10,4.8898e-07,9.4812e-10
607,32.3,-9.2634e-07,1.3497e-09,4.8747e-07,9.422e-10,4.8747e-07,9.422e-10
608,32.35,-9.2348e-07,1.3413e-09,4.8596e-07,9.3632e-10,4.8596e-07,9.3632e-10
609,32.4,-9.2062e-07,1.3329e-09,4.8445e-07,9.3049e-10,4.8445e-07,9.3049e-10
610,32.45,-9.1778e-07,1.3246e-09,4.8296e-07,9.2471e-10,4.8296e-07,9.2471e-10
611,32.5,-9.1496e-07,1.3164e-09,4.8147e-07,9.1897e-10,4.8147e-07,9.1897e-10
612,32.55,-9.1214e-07,1.3083e-09,4.7999e-07,9.1328e-10,4.7999e-07,9.1328e-10
613,32.6,-9.0934e-07,1.3002e-09,4.7851e-07,9.0763e-10,4.7851e-07,9.0763e-10
614,32.65,-9.0655e-07,1.2921e-09,4.7704e-07,9.0202e-10,4.7704e-07,9.0202e-10
615,32.7,-9.0378e-07,1.2842e-09,4.7558e-07,8.9645e-10,4.7558e-07,8.9645e-10
616,32.75,-9.0101e-07,1.2762e-09,4.7413e-07,8.9093e-10,4.7413e-07,8.9093e-10
617,32.8,-8.9826e-07,1.2684e-09,4.7268e-07,8.8545e-10,4.7268e-07,8.8545e-10
618,32.85,-8.9553e-07,1.2606e-09,4.7124e-07,8.8002e-10,4.7124e-07,8.8002e-10
619,32.9,-8.928e-07,1.2529e-09,4.698e-07,8.7462e-10,4.698e-07,8.7462e-10
620,32.95,-8.9009e-07,1.2452e-09,4.6838e-07,8.6927e-10,4.6838e-07,8.6927e-10
621,33.0,-8.8739e-07,1.2376e-09,4.6695e-07,8.6396e-10,4.6695e-07,8.6396e-10
622,33.05,-8.847e-07,1.23e-09,4.6554e-07,8.5868e-10,4.6554e-07,8.5868e-10
623,33.1,-8.8203e-07,1.2225e-09,4.6413e-07,8.5345e-10,4.6413e-07,8.5345e-10
624,33.15,-8.7936e-07,1.2151e-09,4.6273e-07,8.4826e-10,4.6273e-07,8.4826e-10
625,33.2,-8.7671e-07,1.2077e-09,4.6133e-07,8.431e-10,4.6133e-07,8.431e-10
626,33.25,-8.7407e-07,1.2004e-09,4.5994e-07,8.3799e-10,4.5994e-07,8.3799e-10
627,33.3,-8.7144e-07,1.1931e-09,4.5856e-07,8.3291e-10,4.5856e-07,8.3291e-10
628,33.35,-8.6883e-07,1.1859e-09,4.5718e-07,8.2788e-10,4.5718e-07,8.2788e-10
629,33.4,-8.6622e-07,1.1787e-09,4.5581e-07,8.2287e-10,4.5581e-07,8.2287e-10
630,33.45,-8.6363e-07,1.1716e-09,4.5445e-07,8.1791e-10,4.5445e-07,8.1791e-10
631,33.5,-8.6105e-07,1.1646e-09,4.5309e-07,8.1299e-10,4.5309e-07,8.1299e-10
632,33.55,-8.5848e-07,1.1576e-09,4.5173e-07,8.081e-10,4.5173e-07,8.081e-10
633,33.6,-8.5592e-07,1.1506e-09,4.5039e-07,8.0325e-10,4.5039e-07,8.0325e-10
634,33.65,-8.5338e-07,1.1437e-09,4.4905e-07,7.9843e-10,4.4905e-07,7.9843e-10
635,33.7,-8.5084e-07,1.1369e-09,4.4771e-07,7.9365e-10,4.4771e-07,7.9365e-10
636,33.75,-8.4832e-07,1.1301e-09,4.4638e-07,7.8891e-10,4.4638e-07,7.8891e-10
637,33.8,-8.4581e-07,1.1233e-09,4.4506e-07,7.842e-10,4.4506e-07,7.842e-10
638,33.85,-8.433e-07,1.1166e-09,4.4374e-07,7.7953e-10,4.4374e-07,7.7953e-10
639,33.9,-8.4081e-07,1.11e-09,4.4243e-07,7.7489e-10,4.4243e-07,7.7489e-10
640,33.95,-8.3834e-07,1.1034e-09,4.4113e-07,7.7029e-10,4.4113e-07,7.7029e-10
641,34.0,-8.3587e-07,1.0968e-09,4.3983e-07,7.6572e-10,4.3983e-07,7.6572e-10
642,34.05,-8.3341e-07,1.0903e-09,4.3853e-07,7.6118e-10,4.3853e-07,7.6118e-10
643,34.1,-8.3096e-07,1.0839e-09,4.3725e-07,7.5668e-10,4.3725e-07,7.5668e-10
644,34.15,-8.2853e-07,1.0775e-09,4.3596e-07,7.5221e-10,4.3596e-07,7.5221e-10
645,34.2,-8.261e-07,1.0711e-09,4.3469e-07,7.4777e-10,4.3469e-07,7.4777e-10
646,34.25,-8.2369e-07,1.0648e-09,4.3341e-07,7.4337e-10,4.3341e-07,7.4337e-10
647,34.3,-8.2128e-07,1.0586e-09,4.3215e-07,7.3899e-10,4.3215e-07,7.3899e-10
648,34.35,-8.1889e-07,1.0523e-09,4.3089e-07,7.3465e-10,4.3089e-07,7.3465e-10
649,34.4,-8.1651e-07,1.0462e-09,4.2963e-07,7.3035e-10,4.2963e-07,7.3035e-10
650,34.45,-8.1414e-07,1.04e-09,4.2839e-07,7.2607e-10,4.2839e-07,7.2607e-10
651,34.5,-8.1177e-07,1.034e-09,4.2714e-07,7.2182e-10,4.2714e-07,7.2182e-10
652,34.55,-8.0942e-07,1.0279e-09,4.259e-07,7.1761e-10,4.259e-07,7.1761e-10
653,34.6,-8.0708e-07,1.0219e-09,4.2467e-07,7.1343e-10,4.2467e-07,7.1343e-10
654,34.65,-8.0475e-07,1.016e-09,4.2344e-07,7.0927e-10,4.2344e-07,7.0927e-10
655,34.7,-8.0243e-07,1.0101e-09,4.2222e-07,7.0515e-10,4.2222e-07,7.0515e-10
656,34.75,-8.0011e-07,1.0042e-09,4.21e-07,7.0106e-10,4.21e-07,7.0106e-10
657,34.8,-7.9781e-07,9.9839e-10,4.1979e-07,6.9699e-10,4.1979e-07,6.9699e-10
658,34.85,-7.9552e-07,9.9261e-10,4.1859e-07,6.9296e-10,4.1859e-07,6.9296e-10
659,34.9,-7.9324e-07,9.8687e-10,4.1738e-07,6.8895e-10,4.1738e-07,6.8895e-10
660,34.95,-7.9097e-07,9.8117e-10,4.1619e-07,6.8497e-10,4.1619e-07,6.8497e-10
661,35.0,-7.8871e-07,9.7551e-10,4.15e-07,6.8103e-10,4.15e-07,6.8103e-10
662,35.05,-7.8645e-07,9.699e-10,4.1381e-07,6.7711e-10,4.1381e-07,6.7711e-10
663,35.1,-7.8421e-07,9.6432e-10,4.1263e-07,6.7322e-10,4.1263e-07,6.7322e-10
664,35.15,-7.8198e-07,9.5879e-10,4.1146e-07,6.6935e-10,4.1146e-07,6.6935e-10
665,35.2,-7.7975e-07,9.5329e-10,4.1028e-07,6.6552e-10,4.1028e-07,6.6552e-10
666,35.25,-7.7754e-07,9.4784e-10,4.0912e-07,6.6171e-10,4.0912e-07,6.6171e-10
667,35.3,-7.7533e-07,9.4242e-10,4.0796e-07,6.5793e-10,4.0796e-07,6.5793e-10
668,35.35,-7.7314e-07,9.3704e-10,4.068e-07,6.5417e-10,4.068e-07,6.5417e-10
669,35.4,-7.7095e-07,9.317e-10,4.0565e-07,6.5044e-10,4.0565e-07,6.5044e-10
670,35.45,-7.6878e-07,9.264e-10,4.0451e-07,6.4674e-10,4.0451e-07,6.4674e-10
671,35.5,-7.6661e-07,9.2113e-10,4.0336e-07,6.4307e-10,4.0336e-07,6.4307e-10
672,35.55,-7.6445e-07,9.159e-10,4.0223e-07,6.3942e-10,4.0223e-07,6.3942e-10
673,35.6,-7.623e-07,9.1071e-10,4.011e-07,6.3579e-10,4.011e-07,6.3579e-10
674,35.65,-7.6016e-07,9.0556e-10,3.9997e-07,6.322e-10,3.9997e-07,6.322e-10
675,35.7,-7.5803e-07,9.0044e-10,3.9885e-07,6.2862e-10,3.9885e-07,6.2862e-10
676,35.75,-7.5591e-07,8.9536e-10,3.9773e-07,6.2508e-10,3.9773e-07,6.2508e-10
677,35.8,-7.5379e-07,8.9031e-10,3.9662e-07,6.2155e-10,3.9662e-07,6.2155e-10
678,35.85,-7.5169e-07,8.853e-10,3.9551e-07,6.1806e-10,3.9551e-07,6.1806e-10
679,35.9,-7.4959e-07,8.8032e-10,3.9441e-07,6.1458e-10,3.9441e-07,6.1458e-10
680,35.95,-7.4751e-07,8.7538e-10,3.9331e-07,6.1113e-10,3.9331e-07,6.1113e-10
681,36.0,-7.4543e-07,8.7048e-10,3.9221e-07,6.0771e-10,3.9221e-07,6.0771e-10
682,36.05,-7.4336e-07,8.6561e-10,3.9112e-07,6.0431e-10,3.9112e-07,6.0431e-10
683,36.1,-7.413e-07,8.6077e-10,3.9004e-07,6.0093e-10,3.9004e-07,6.0093e-10
684,36.15,-7.3924e-07,8.5596e-10,3.8896e-07,5.9758e-10,3.8896e-07,5.9758e-10
685,36.2,-7.372e-07,8.5119e-10,3.8788e-07,5.9425e-10,3.8788e-07,5.9425e-10
686,36.25,-7.3516e-07,8.4646e-10,3.8681e-07,5.9094e-10,3.8681e-07,5.9094e-10
687,36.3,-7.3314e-07,8.4175e-10,3.8574e-07,5.8766e-10,3.8574e-07,5.8766e-10
688,36.35,-7.3112e-07,8.3708e-10,3.8468e-07,5.844e-10,3.8468e-07,5.844e-10
689,36.4,-7.2911e-07,8.3244e-10,3.8362e-07,5.8116e-10,3.8362e-07,5.8116e-10
690,36.45,-7.2711e-07,8.2783e-10,3.8257e-07,5.7794e-10,3.8257e-07,5.7794e-10
691,36.5,-7.2511e-07,8.2325e-10,3.8152e-07,5.7475e-10,3.8152e-07,5.7475e-10
692,36.55,-7.2313e-07,8.1871e-10,3.8047e-07,5.7157e-10,3.8047e-07,5.7157e-10
693,36.6,-7.2115e-07,8.142e-10,3.7943e-07,5.6842e-10,3.7943e-07,5.6842e-10
694,36.65,-7.1918e-07,8.0971e-10,3.784e-07,5.6529e-10,3.784e-07,5.6529e-10
695,36.7,-7.1722e-07,8.0526e-10,3.7736e-07,5.6219e-10,3.7736e-07,5.6219e-10
696,36.75,-7.1526e-07,8.0084e-10,3.7633e-07,5.591e-10,3.7633e-07,5.591e-10
697,36.8,-7.1332e-07,7.9645e-10,3.7531e-07,5.5604e-10,3.7531e-07,5.5604e-10
698,36.85,-7.1138e-07,7.9209e-10,3.7429e-07,5.5299e-10,3.7429e-07,5.5299e-10
699,36.9,-7.0945e-07,7.8776e-10,3.7327e-07,5.4997e-10,3.7327e-07,5.4997e-10
700,36.95,-7.0753e-07,7.8346e-10,3.7226e-07,5.4697e-10,3.7226e-07,5.4697e-10
701,37.0,-7.0562e-07,7.7919e-10,3.7126e-07,5.4398e-10,3.7126e-07,5.4398e-10
702,37.05,-7.0371e-07,7.7494e-10,3.7025e-07,5.4102e-10,3.7025e-07,5.4102e-10
703,37.1,-7.0181e-07,7.7073e-10,3.6925e-07,5.3808e-10,3.6925e-07,5.3808e-10
704,37.15,-6.9992e-07,7.6654e-10,3.6826e-07,5.3516e-10,3.6826e-07,5.3516e-10
705,37.2,-6.9804e-07,7.6239e-10,3.6727e-07,5.3226e-10,3.6727e-07,5.3226e-10
706,37.25,-6.9616e-07,7.5826e-10,3.6628e-07,5.2937e-10,3.6628e-07,5.2937e-10
707,37.3,-6.9429e-07,7.5415e-10,3.653e-07,5.2651e-10,3.653e-07,5.2651e-10
708,37.35,-6.9243e-07,7.5008e-10,3.6432e-07,5.2367e-10,3.6432e-07,5.2367e-10
709,37.4,-6.9058e-07,7.4603e-10,3.6334e-07,5.2084e-10,3.6334e-07,5.2084e-10
710,37.45,-6.8873e-07,7.4202e-10,3.6237e-07,5.1804e-10,3.6237e-07,5.1804e-10
711,37.5,-6.869e-07,7.3802e-10,3.614e-07,5.1525e-10,3.614e-07,5.1525e-10
712,37.55,-6.8507e-07,7.3406e-10,3.6044e-07,5.1248e-10,3.6044e-07,5.1248e-10
713,37.6,-6.8324e-07,7.3012e-10,3.5948e-07,5.0973e-10,3.5948e-07,5.0973e-10
714,37.65,-6.8143e-07,7.2621e-10,3.5852e-07,5.07e-10,3.5852e-07,5.07e-10
715,37.7,-6.7962e-07,7.2232e-10,3.5757e-07,5.0429e-10,3.5757e-07,5.0429e-10
716,37.75,-6.7781e-07,7.1846e-10,3.5662e-07,5.0159e-10,3.5662e-07,5.0159e-10
717,37.8,-6.7602e-07,7.1463e-10,3.5568e-07,4.9892e-10,3.5568e-07,4.9892e-10
718,37.85,-6.7423e-07,7.1082e-10,3.5474e-07,4.9626e-10,3.5474e-07,4.9626e-10
719,37.9,-6.7245e-07,7.0703e-10,3.538e-07,4.9362e-10,3.538e-07,4.9362e-10
720,37.95,-6.7068e-07,7.0327e-10,3.5286e-07,4.9099e-10,3.5286e-07,4.9099e-10
721,38.0,-6.6891e-07,6.9954e-10,3.5193e-07,4.8839e-10,3.5193e-07,4.8839e-10
722,38.05,-6.6715e-07,6.9583e-10,3.5101e-07,4.858e-10,3.5101e-07,4.858e-10
723,38.1,-6.654e-07,6.9215e-10,3.5009e-07,4.8323e-10,3.5009e-07,4.8323e-10
724,38.15,-6.6365e-07,6.8849e-10,3.4917e-07,4.8067e-10,3.4917e-07,4.8067e-10
725,38.2,-6.6192e-07,6.8485e-10,3.4825e-07,4.7813e-10,3.4825e-07,4.7813e-10
726,38.25,-6.6018e-07,6.8124e-10,3.4734e-07,4.7561e-10,3.4734e-07,4.7561e-10
727,38.3,-6.5846e-07,6.7765e-10,3.4643e-07,4.7311e-10,3.4643e-07,4.7311e-10
728,38.35,-6.5674e-07,6.7408e-10,3.4553e-07,4.7062e-10,3.4553e-07,4.7062e-10
729,38.4,-6.5503e-07,6.7054e-10,3.4463e-07,4.6815e-10,3.4463e-07,4.6815e-10
730,38.45,-6.5332e-07,6.6702e-10,3.4373e-07,4.6569e-10,3.4373e-07,4.6569e-10
731,38.5,-6.5162e-07,6.6353e-10,3.4283e-07,4.6325e-10,3.4283e-07,4.6325e-10
732,38.55,-6.4993e-07,6.6006e-10,3.4194e-07,4.6083e-10,3.4194e-07,4.6083e-10
733,38.6,-6.4825e-07,6.5661e-10,3.4106e-07,4.5842e-10,3.4106e-07,4.5842e-10
734,38.65,-6.4657e-07,6.5318e-10,3.4017e-07,4.5603e-10,3.4017e-07,4.5603e-10
735,38.7,-6.449e-07,6.4978e-10,3.3929e-07,4.5365e-10,3.3929e-07,4.5365e-10
736,38.75,-6.4323e-07,6.4639e-10,3.3842e-07,4.5129e-10,3.3842e-07,4.5129e-10
737,38.8,-6.4157e-07,6.4303e-10,3.3754e-07,4.4894e-10,3.3754e-07,4.4894e-10
738,38.85,-6.3992e-07,6.3969e-10,3.3667e-07,4.4661e-10,3.3667e-07,4.4661e-10
739,38.9,-6.3827e-07,6.3638e-10,3.3581e-07,4.4429e-10,3.3581e-07,4.4429e-10
740,38.95,-6.3663e-07,6.3308e-10,3.3494e-07,4.4199e-10,3.3494e-07,4.4199e-10
741,39.0,-6.35e-07,6.298e-10,3.3408e-07,4.3971e-10,3.3408e-07,4.3971e-10
742,39.05,-6.3337e-07,6.2655e-10,3.3323e-07,4.3744e-10,3.3323e-07,4.3744e-10
743,39.1,-6.3175e-07,6.2332e-10,3.3237e-07,4.3518e-10,3.3237e-07,4.3518e-10
744,39.15,-6.3014e-07,6.2011e-10,3.3152e-07,4.3294e-10,3.3152e-07,4.3294e-10
745,39.2,-6.2853e-07,6.1692e-10,3.3068e-07,4.3071e-10,3.3068e-07,4.3071e-10
746,39.25,-6.2692e-07,6.1374e-10,3.2983e-07,4.285e-10,3.2983e-07,4.285e-10
747,39.3,-6.2533e-07,6.1059e-10,3.2899e-07,4.263e-10,3.2899e-07,4.263e-10
748,39.35,-6.2374e-07,6.0746e-10,3.2816e-07,4.2411e-10,3.2816e-07,4.2411e-10
749,39.4,-6.2215e-07,6.0435e-10,3.2732e-07,4.2194e-10,3.2732e-07,4.2194e-10
750,39.45,-6.2057e-07,6.0126e-10,3.2649e-07,4.1978e-10,3.2649e-07,4.1978e-10
751,39.5,-6.19e-07,5.9819e-10,3.2566e-07,4.1764e-10,3.2566e-07,4.1764e-10
752,39.55,-6.1744e-07,5.9514e-10,3.2484e-07,4.1551e-10,3.2484e-07,4.1551e-10
753,39.6,-6.1588e-07,5.9211e-10,3.2402e-07,4.134e-10,3.2402e-07,4.134e-10
754,39.65,-6.1432e-07,5.891e-10,3.232e-07,4.1129e-10,3.232e-07,4.1129e-10
755,39.7,-6.1277e-07,5.8611e-10,3.2238e-07,4.092e-10,3.2238e-07,4.092e-10
756,39.75,-6.1123e-07,5.8313e-10,3.2157e-07,4.0713e-10,3.2157e-07,4.0713e-10
757,39.8,-6.0969e-07,5.8018e-10,3.2076e-07,4.0506e-10,3.2076e-07,4.0506e-10
758,39.85,-6.0816e-07,5.7724e-10,3.1996e-07,4.0301e-10,3.1996e-07,4.0301e-10
759,39.9,-6.0664e-07,5.7432e-10,3.1915e-07,4.0098e-10,3.1915e-07,4.0098e-10
760,39.95,-6.0512e-07,5.7142e-10,3.1835e-07,3.9895e-10,3.1835e-07,3.9895e-10
761,40.0,-6.036e-07,5.6854e-10,3.1756e-07,3.9694e-10,3.1756e-07,3.9694e-10
762,40.05,-6.0209e-07,5.6568e-10,3.1676e-07,3.9494e-10,3.1676e-07,3.9494e-10
763,40.1,-6.0059e-07,5.6283e-10,3.1597e-07,3.9296e-10,3.1597e-07,3.9296e-10
764,40.15,-5.9909e-07,5.6e-10,3.1518e-07,3.9098e-10,3.1518e-07,3.9098e-10
765,40.2,-5.976e-07,5.5719e-10,3.144e-07,3.8902e-10,3.144e-07,3.8902e-10
766,40.25,-5.9612e-07,5.544e-10,3.1362e-07,3.8707e-10,3.1362e-07,3.8707e-10
767,40.3,-5.9464e-07,5.5163e-10,3.1284e-07,3.8513e-10,3.1284e-07,3.8513e-10
768,40.35,-5.9316e-07,5.4887e-10,3.1206e-07,3.8321e-10,3.1206e-07,3.8321e-10
769,40.4,-5.9169e-07,5.4613e-10,3.1129e-07,3.813e-10,3.1129e-07,3.813e-10
770,40.45,-5.9023e-07,5.4341e-10,3.1052e-07,3.7939e-10,3.1052e-07,3.7939e-10
771,40.5,-5.8877e-07,5.407e-10,3.0975e-07,3.7751e-10,3.0975e-07,3.7751e-10
772,40.55,-5.8732e-07,5.3801e-10,3.0899e-07,3.7563e-10,3.0899e-07,3.7563e-10
773,40.6,-5.8587e-07,5.3534e-10,3.0822e-07,3.7376e-10,3.0822e-07,3.7376e-10
774,40.65,-5.8443e-07,5.3268e-10,3.0746e-07,3.7191e-10,3.0746e-07,3.7191e-10
775,40.7,-5.8299e-07,5.3004e-10,3.0671e-07,3.7007e-10,3.0671e-07,3.7007e-10
776,40.75,-5.8156e-07,5.2742e-10,3.0595e-07,3.6823e-10,3.0595e-07,3.6823e-10
777,40.8,-5.8013e-07,5.2481e-10,3.052e-07,3.6641e-10,3.052e-07,3.6641e-10
778,40.85,-5.7871e-07,5.2222e-10,3.0446e-07,3.6461e-10,3.0446e-07,3.6461e-10
779,40.9,-5.7729e-07,5.1964e-10,3.0371e-07,3.6281e-10,3.0371e-07,3.6281e-10
780,40.95,-5.7588e-07,5.1708e-10,3.0297e-07,3.6102e-10,3.0297e-07,3.6102e-10
781,41.0,-5.7448e-07,5.1454e-10,3.0223e-07,3.5924e-10,3.0223e-07,3.5924e-10
782,41.05,-5.7308e-07,5.1201e-10,3.0149e-07,3.5748e-10,3.0149e-07,3.5748e-10
783,41.1,-5.7168e-07,5.095e-10,3.0076e-07,3.5573e-10,3.0076e-07,3.5573e-10
784,41.15,-5.7029e-07,5.07e-10,3.0002e-07,3.5398e-10,3.0002e-07,3.5398e-10
785,41.2,-5.6891e-07,5.0452e-10,2.993e-07,3.5225e-10,2.993e-07,3.5225e-10
786,41.25,-5.6753e-07,5.0205e-10,2.9857e-07,3.5053e-10,2.9857e-07,3.5053e-10
787,41.3,-5.6615e-07,4.996e-10,2.9785e-07,3.4882e-10,2.9785e-07,3.4882e-10
788,41.35,-5.6478e-07,4.9717e-10,2.9712e-07,3.4712e-10,2.9712e-07,3.4712e-10
789,41.4,-5.6342e-07,4.9474e-10,2.9641e-07,3.4543e-10,2.9641e-07,3.4543e-10
790,41.45,-5.6206e-07,4.9234e-10,2.9569e-07,3.4375e-10,2.9569e-07,3.4375e-10
791,41.5,-5.607e-07,4.8995e-10,2.9498e-07,3.4207e-10,2.9498e-07,3.4207e-10
792,41.55,-5.5935e-07,4.8757e-10,2.9427e-07,3.4042e-10,2.9427e-07,3.4042e-10
793,41.6,-5.58e-07,4.852e-10,2.9356e-07,3.3877e-10,2.9356e-07,3.3877e-10
794,41.65,-5.5666e-07,4.8285e-10,2.9285e-07,3.3712e-10,2.9285e-07,3.3712e-10
795,41.7,-5.5533e-07,4.8052e-10,2.9215e-07,3.3549e-10,2.9215e-07,3.3549e-10
796,41.75,-5.54e-07,4.782e-10,2.9145e-07,3.3387e-10,2.9145e-07,3.3387e-10
797,41.8,-5.5267e-07,4.7589e-10,2.9075e-07,3.3226e-10,2.9075e-07,3.3226e-10
798,41.85,-5.5135e-07,4.736e-10,2.9005e-07,3.3066e-10,2.9005e-07,3.3066e-10
799,41.9,-5.5003e-07,4.7132e-10,2.8936e-07,3.2907e-10,2.8936e-07,3.2907e-10
800,41.95,-5.4872e-07,4.6905e-10,2.8867e-07,3.2749e-10,2.8867e-07,3.2749e-10
801,42.0,-5.4741e-07,4.668e-10,2.8798e-07,3.2592e-10,2.8798e-07,3.2592e-10
802,42.05,-5.4611e-07,4.6456e-10,2.873e-07,3.2436e-10,2.873e-07,3.2436e-10
803,42.1,-5.4481e-07,4.6234e-10,2.8661e-07,3.228e-10,2.8661e-07,3.228e-10
804,42.15,-5.4352e-07,4.6013e-10,2.8593e-07,3.2126e-10,2.8593e-07,3.2126e-10
805,42.2,-5.4223e-07,4.5793e-10,2.8526e-07,3.1972e-10,2.8526e-07,3.1972e-10
806,42.25,-5.4094e-07,4.5574e-10,2.8458e-07,3.182e-10,2.8458e-07,3.182e-10
807,42.3,-5.3966e-07,4.5357e-10,2.8391e-07,3.1668e-10,2.8391e-07,3.1668e-10
808,42.35,-5.3839e-07,4.5141e-10,2.8323e-07,3.1517e-10,2.8323e-07,3.1517e-10
809,42.4,-5.3712e-07,4.4926e-10,2.8257e-07,3.1367e-10,2.8257e-07,3.1367e-10
810,42.45,-5.3585e-07,4.4713e-10,2.819e-07,3.1218e-10,2.819e-07,3.1218e-10
811,42.5,-5.3459e-07,4.4501e-10,2.8124e-07,3.107e-10,2.8124e-07,3.107e-10
812,42.55,-5.3333e-07,4.429e-10,2.8057e-07,3.0923e-10,2.8057e-07,3.0923e-10
813,42.6,-5.3208e-07,4.408e-10,2.7991e-07,3.0777e-10,2.7991e-07,3.0777e-10
814,42.65,-5.3083e-07,4.3872e-10,2.7926e-07,3.0631e-10,2.7926e-07,3.0631e-10
815,42.7,-5.2959e-07,4.3665e-10,2.786e-07,3.0487e-10,2.786e-07,3.0487e-10
816,42.75,-5.2835e-07,4.3459e-10,2.7795e-07,3.0343e-10,2.7795e-07,3.0343e-10
817,42.8,-5.2711e-07,4.3254e-10,2.773e-07,3.02e-10,2.773e-07,3.02e-10
818,42.85,-5.2588e-07,4.3051e-10,2.7665e-07,3.0058e-10,2.7665e-07,3.0058e-10
819,42.9,-5.2466e-07,4.2848e-10,2.7601e-07,2.9917e-10,2.7601e-07,2.9917e-10
820,42.95,-5.2343e-07,4.2647e-10,2.7536e-07,2.9776e-10,2.7536e-07,2.9776e-10
821,43.0,-5.2222e-07,4.2447e-10,2.7472e-07,2.9637e-10,2.7472e-07,2.9637e-10
822,43.05,-5.21e-07,4.2248e-10,2.7408e-07,2.9498e-10,2.7408e-07,2.9498e-10
823,43.1,-5.1979e-07,4.2051e-10,2.7345e-07,2.936e-10,2.7345e-07,2.936e-10
824,43.15,-5.1859e-07,4.1854e-10,2.7281e-07,2.9223e-10,2.7281e-07,2.9223e-10
825,43.2,-5.1739e-07,4.1659e-10,2.7218e-07,2.9086e-10,2.7218e-07,2.9086e-10
826,43.25,-5.1619e-07,4.1465e-10,2.7155e-07,2.8951e-10,2.7155e-07,2.8951e-10
827,43.3,-5.15e-07,4.1272e-10,2.7092e-07,2.8816e-10,2.7092e-07,2.8816e-10
828,43.35,-5.1381e-07,4.108e-10,2.703e-07,2.8682e-10,2.703e-07,2.8682e-10
829,43.4,-5.1262e-07,4.0889e-10,2.6967e-07,2.8549e-10,2.6967e-07,2.8549e-10
830,43.45,-5.1144e-07,4.0699e-10,2.6905e-07,2.8416e-10,2.6905e-07,2.8416e-10
831,43.5,-5.1026e-07,4.0511e-10,2.6843e-07,2.8285e-10,2.6843e-07,2.8285e-10
832,43.55,-5.0909e-07,4.0323e-10,2.6782e-07,2.8154e-10,2.6782e-07,2.8154e-10
833,43.6,-5.0792e-07,4.0137e-10,2.672e-07,2.8024e-10,2.672e-07,2.8024e-10
834,43.65,-5.0676e-07,3.9951e-10,2.6659e-07,2.7894e-10,2.6659e-07,2.7894e-10
835,43.7,-5.056e-07,3.9767e-10,2.6598e-07,2.7766e-10,2.6598e-07,2.7766e-10
836,43.75,-5.0444e-07,3.9584e-10,2.6537e-07,2.7638e-10,2.6537e-07,2.7638e-10
837,43.8,-5.0329e-07,3.9402e-10,2.6476e-07,2.7511e-10,2.6476e-07,2.7511e-10
838,43.85,-5.0214e-07,3.922e-10,2.6416e-07,2.7384e-10,2.6416e-07,2.7384e-10
839,43.9,-5.01e-07,3.904e-10,2.6355e-07,2.7258e-10,2.6355e-07,2.7258e-10
840,43.95,-4.9986e-07,3.8861e-10,2.6295e-07,2.7133e-10,2.6295e-07,2.7133e-10
841,44.0,-4.9872e-07,3.8683e-10,2.6236e-07,2.7009e-10,2.6236e-07,2.7009e-10
842,44.05,-4.9759e-07,3.8506e-10,2.6176e-07,2.6886e-10,2.6176e-07,2.6886e-10
843,44.1,-4.9646e-07,3.833e-10,2.6117e-07,2.6763e-10,2.6117e-07,2.6763e-10
844,44.15,-4.9533e-07,3.8155e-10,2.6057e-07,2.664e-10,2.6057e-07,2.664e-10
845,44.2,-4.9421e-07,3.7981e-10,2.5998e-07,2.6519e-10,2.5998e-07,2.6519e-10
846,44.25,-4.9309e-07,3.7808e-10,2.594e-07,2.6398e-10,2.594e-07,2.6398e-10
847,44.3,-4.9198e-07,3.7636e-10,2.5881e-07,2.6278e-10,2.5881e-07,2.6278e-10
848,44.35,-4.9087e-07,3.7465e-10,2.5823e-07,2.6159e-10,2.5823e-07,2.6159e-10
849,44.4,-4.8976e-07,3.7295e-10,2.5764e-07,2.604e-10,2.5764e-07,2.604e-10
850,44.45,-4.8866e-07,3.7126e-10,2.5706e-07,2.5922e-10,2.5706e-07,2.5922e-10
851,44.5,-4.8756e-07,3.6958e-10,2.5648e-07,2.5805e-10,2.5648e-07,2.5805e-10
852,44.55,-4.8647e-07,3.6791e-10,2.5591e-07,2.5688e-10,2.5591e-07,2.5688e-10
853,44.6,-4.8538e-07,3.6624e-10,2.5533e-07,2.5572e-10,2.5533e-07,2.5572e-10
854,44.65,-4.8429e-07,3.6459e-10,2.5476e-07,2.5456e-10,2.5476e-07,2.5456e-10
855,44.7,-4.832e-07,3.6295e-10,2.5419e-07,2.5342e-10,2.5419e-07,2.5342e-10
856,44.75,-4.8212e-07,3.6131e-10,2.5362e-07,2.5227e-10,2.5362e-07,2.5227e-10
857,44.8,-4.8105e-07,3.5969e-10,2.5306e-07,2.5114e-10,2.5306e-07,2.5114e-10
858,44.85,-4.7997e-07,3.5807e-10,2.5249e-07,2.5001e-10,2.5249e-07,2.5001e-10
859,44.9,-4.789e-07,3.5646e-10,2.5193e-07,2.4889e-10,2.5193e-07,2.4889e-10
860,44.95,-4.7784e-07,3.5486e-10,2.5137e-07,2.4777e-10,2.5137e-07,2.4777e-10
861,45.0,-4.7677e-07,3.5328e-10,2.5081e-07,2.4666e-10,2.5081e-07,2.4666e-10
862,45.05,-4.7572e-07,3.517e-10,2.5025e-07,2.4556e-10,2.5025e-07,2.4556e-10
863,45.1,-4.7466e-07,3.5012e-10,2.4969e-07,2.4446e-10,2.4969e-07,2.4446e-10
864,45.15,-4.7361e-07,3.4856e-10,2.4914e-07,2.4337e-10,2.4914e-07,2.4337e-10
865,45.2,-4.7256e-07,3.4701e-10,2.4859e-07,2.4229e-10,2.4859e-07,2.4229e-10
866,45.25,-4.7151e-07,3.4546e-10,2.4804e-07,2.4121e-10,2.4804e-07,2.4121e-10
867,45.3,-4.7047e-07,3.4392e-10,2.4749e-07,2.4014e-10,2.4749e-07,2.4014e-10
868,45.35,-4.6943e-07,3.424e-10,2.4695e-07,2.3907e-10,2.4695e-07,2.3907e-10
869,45.4,-4.684e-07,3.4088e-10,2.464e-07,2.3801e-10,2.464e-07,2.3801e-10
870,45.45,-4.6737e-07,3.3937e-10,2.4586e-07,2.3695e-10,2.4586e-07,2.3695e-10
871,45.5,-4.6634e-07,3.3786e-10,2.4532e-07,2.359e-10,2.4532e-07,2.359e-10
872,45.55,-4.6532e-07,3.3637e-10,2.4478e-07,2.3486e-10,2.4478e-07,2.3486e-10
873,45.6,-4.643e-07,3.3488e-10,2.4424e-07,2.3382e-10,2.4424e-07,2.3382e-10
874,45.65,-4.6328e-07,3.334e-10,2.4371e-07,2.3279e-10,2.4371e-07,2.3279e-10
875,45.7,-4.6226e-07,3.3193e-10,2.4317e-07,2.3176e-10,2.4317e-07,2.3176e-10
876,45.75,-4.6125e-07,3.3047e-10,2.4264e-07,2.3074e-10,2.4264e-07,2.3074e-10
877,45.8,-4.6024e-07,3.2902e-10,2.4211e-07,2.2973e-10,2.4211e-07,2.2973e-10
878,45.85,-4.5924e-07,3.2757e-10,2.4158e-07,2.2872e-10,2.4158e-07,2.2872e-10
879,45.9,-4.5824e-07,3.2613e-10,2.4105e-07,2.2772e-10,2.4105e-07,2.2772e-10
880,45.95,-4.5724e-07,3.247e-10,2.4053e-07,2.2672e-10,2.4053e-07,2.2672e-10
881,46.0,-4.5625e-07,3.2328e-10,2.4e-07,2.2572e-10,2.4e-07,2.2572e-10
882,46.05,-4.5526e-07,3.2187e-10,2.3948e-07,2.2474e-10,2.3948e-07,2.2474e-10
883,46.1,-4.5427e-07,3.2046e-10,2.3896e-07,2.2375e-10,2.3896e-07,2.2375e-10
884,46.15,-4.5328e-07,3.1906e-10,2.3844e-07,2.2278e-10,2.3844e-07,2.2278e-10
885,46.2,-4.523e-07,3.1767e-10,2.3793e-07,2.2181e-10,2.3793e-07,2.2181e-10
886,46.25,-4.5132e-07,3.1629e-10,2.3741e-07,2.2084e-10,2.3741e-07,2.2084e-10
887,46.3,-4.5035e-07,3.1491e-10,2.369e-07,2.1988e-10,2.369e-07,2.1988e-10
888,46.35,-4.4937e-07,3.1354e-10,2.3639e-07,2.1892e-10,2.3639e-07,2.1892e-10
889,46.4,-4.4841e-07,3.1218e-10,2.3588e-07,2.1797e-10,2.3588e-07,2.1797e-10
890,46.45,-4.4744e-07,3.1083e-10,2.3537e-07,2.1703e-10,2.3537e-07,2.1703e-10
891,46.5,-4.4648e-07,3.0948e-10,2.3486e-07,2.1609e-10,2.3486e-07,2.1609e-10
892,46.55,-4.4552e-07,3.0814e-10,2.3436e-07,2.1515e-10,2.3436e-07,2.1515e-10
893,46.6,-4.4456e-07,3.0681e-10,2.3386e-07,2.1422e-10,2.3386e-07,2.1422e-10
894,46.65,-4.4361e-07,3.0548e-10,2.3335e-07,2.133e-10,2.3335e-07,2.133e-10
895,46.7,-4.4266e-07,3.0417e-10,2.3285e-07,2.1238e-10,2.3285e-07,2.1238e-10
896,46.75,-4.4171e-07,3.0285e-10,2.3235e-07,2.1146e-10,2.3235e-07,2.1146e-10
897,46.8,-4.4076e-07,3.0155e-10,2.3186e-07,2.1055e-10,2.3186e-07,2.1055e-10
898,46.85,-4.3982e-07,3.0025e-10,2.3136e-07,2.0965e-10,2.3136e-07,2.0965e-10
899,46.9,-4.3888e-07,2.9897e-10,2.3087e-07,2.0875e-10,2.3087e-07,2.0875e-10
900,46.95,-4.3795e-07,2.9768e-10,2.3038e-07,2.0785e-10,2.3038e-07,2.0785e-10
901,47.0,-4.3702e-07,2.9641e-10,2.2989e-07,2.0696e-10,2.2989e-07,2.0696e-10
902,47.05,-4.3609e-07,2.9514e-10,2.294e-07,2.0608e-10,2.294e-07,2.0608e-10
903,47.1,-4.3516e-07,2.9388e-10,2.2891e-07,2.0519e-10,2.2891e-07,2.0519e-10
904,47.15,-4.3424e-07,2.9262e-10,2.2842e-07,2.0432e-10,2.2842e-07,2.0432e-10
905,47.2,-4.3332e-07,2.9137e-10,2.2794e-07,2.0345e-10,2.2794e-07,2.0345e-10
906,47.25,-4.324e-07,2.9013e-10,2.2746e-07,2.0258e-10,2.2746e-07,2.0258e-10
907,47.3,-4.3149e-07,2.8889e-10,2.2697e-07,2.0172e-10,2.2697e-07,2.0172e-10
908,47.35,-4.3057e-07,2.8767e-10,2.2649e-07,2.0086e-10,2.2649e-07,2.0086e-10
909,47.4,-4.2966e-07,2.8644e-10,2.2602e-07,2.0001e-10,2.2602e-07,2.0001e-10
910,47.45,-4.2876e-07,2.8523e-10,2.2554e-07,1.9916e-10,2.2554e-07,1.9916e-10
911,47.5,-4.2786e-07,2.8402e-10,2.2506e-07,1.9831e-10,2.2506e-07,1.9831e-10
912,47.55,-4.2695e-07,2.8281e-10,2.2459e-07,1.9747e-10,2.2459e-07,1.9747e-10
913,47.6,-4.2606e-07,2.8162e-10,2.2412e-07,1.9664e-10,2.2412e-07,1.9664e-10
914,47.65,-4.2516e-07,2.8043e-10,2.2365e-07,1.9581e-10,2.2365e-07,1.9581e-10
915,47.7,-4.2427e-07,2.7924e-10,2.2318e-07,1.9498e-10,2.2318e-07,1.9498e-10
916,47.75,-4.2338e-07,2.7807e-10,2.2271e-07,1.9416e-10,2.2271e-07,1.9416e-10
917,47.8,-4.225e-07,2.7689e-10,2.2224e-07,1.9334e-10,2.2224e-07,1.9334e-10
918,47.85,-4.2161e-07,2.7573e-10,2.2178e-07,1.9253e-10,2.2178e-07,1.9253e-10
919,47.9,-4.2073e-07,2.7457e-10,2.2132e-07,1.9172e-10,2.2132e-07,1.9172e-10
920,47.95,-4.1985e-07,2.7342e-10,2.2085e-07,1.9091e-10,2.2085e-07,1.9091e-10
921,48.0,-4.1898e-07,2.7227e-10,2.2039e-07,1.9011e-10,2.2039e-07,1.9011e-10
922,48.05,-4.1811e-07,2.7113e-10,2.1993e-07,1.8931e-10,2.1993e-07,1.8931e-10
923,48.1,-4.1724e-07,2.6999e-10,2.1948e-07,1.8852e-10,2.1948e-07,1.8852e-10
924,48.15,-4.1637e-07,2.6886e-10,2.1902e-07,1.8773e-10,2.1902e-07,1.8773e-10
925,48.2,-4.155e-07,2.6774e-10,2.1857e-07,1.8695e-10,2.1857e-07,1.8695e-10
926,48.25,-4.1464e-07,2.6662e-10,2.1811e-07,1.8617e-10,2.1811e-07,1.8617e-10
927,48.3,-4.1378e-07,2.6551e-10,2.1766e-07,1.8539e-10,2.1766e-07,1.8539e-10
928,48.35,-4.1293e-07,2.6441e-10,2.1721e-07,1.8462e-10,2.1721e-07,1.8462e-10
929,48.4,-4.1207e-07,2.6331e-10,2.1676e-07,1.8385e-10,2.1676e-07,1.8385e-10
930,48.45,-4.1122e-07,2.6221e-10,2.1631e-07,1.8309e-10,2.1631e-07,1.8309e-10
931,48.5,-4.1037e-07,2.6112e-10,2.1587e-07,1.8233e-10,2.1587e-07,1.8233e-10
932,48.55,-4.0953e-07,2.6004e-10,2.1542e-07,1.8157e-10,2.1542e-07,1.8157e-10
933,48.6,-4.0869e-07,2.5896e-10,2.1498e-07,1.8082e-10,2.1498e-07,1.8082e-10
934,48.65,-4.0785e-07,2.5789e-10,2.1454e-07,1.8007e-10,2.1454e-07,1.8007e-10
935,48.7,-4.0701e-07,2.5683e-10,2.1409e-07,1.7933e-10,2.1409e-07,1.7933e-10
936,48.75,-4.0617e-07,2.5577e-10,2.1365e-07,1.7859e-10,2.1365e-07,1.7859e-10
937,48.8,-4.0534e-07,2.5471e-10,2.1322e-07,1.7785e-10,2.1322e-07,1.7785e-10
938,48.85,-4.0451e-07,2.5366e-10,2.1278e-07,1.7712e-10,2.1278e-07,1.7712e-10
939,48.9,-4.0368e-07,2.5262e-10,2.1234e-07,1.7639e-10,2.1234e-07,1.7639e-10
940,48.95,-4.0286e-07,2.5158e-10,2.1191e-07,1.7566e-10,2.1191e-07,1.7566e-10
941,49.0,-4.0203e-07,2.5054e-10,2.1148e-07,1.7494e-10,2.1148e-07,1.7494e-10
942,49.05,-4.0121e-07,2.4952e-10,2.1105e-07,1.7422e-10,2.1105e-07,1.7422e-10
943,49.1,-4.004e-07,2.4849e-10,2.1062e-07,1.7351e-10,2.1062e-07,1.7351e-10
944,49.15,-3.9958e-07,2.4747e-10,2.1019e-07,1.728e-10,2.1019e-07,1.728e-10
945,49.2,-3.9877e-07,2.4646e-10,2.0976e-07,1.7209e-10,2.0976e-07,1.7209e-10
946,49.25,-3.9796e-07,2.4545e-10,2.0933e-07,1.7139e-10,2.0933e-07,1.7139e-10
947,49.3,-3.9715e-07,2.4445e-10,2.0891e-07,1.7069e-10,2.0891e-07,1.7069e-10
948,49.35,-3.9635e-07,2.4346e-10,2.0848e-07,1.6999e-10,2.0848e-07,1.6999e-10
949,49.4,-3.9554e-07,2.4246e-10,2.0806e-07,1.693e-10,2.0806e-07,1.693e-10
950,49.45,-3.9474e-07,2.4148e-10,2.0764e-07,1.6861e-10,2.0764e-07,1.6861e-10
951,49.5,-3.9394e-07,2.4049e-10,2.0722e-07,1.6793e-10,2.0722e-07,1.6793e-10
952,49.55,-3.9315e-07,2.3952e-10,2.068e-07,1.6724e-10,2.068e-07,1.6724e-10
953,49.6,-3.9236e-07,2.3855e-10,2.0638e-07,1.6656e-10,2.0638e-07,1.6656e-10
954,49.65,-3.9157e-07,2.3758e-10,2.0597e-07,1.6589e-10,2.0597e-07,1.6589e-10
955,49.7,-3.9078e-07,2.3662e-10,2.0555e-07,1.6522e-10,2.0555e-07,1.6522e-10
956,49.75,-3.8999e-07,2.3566e-10,2.0514e-07,1.6455e-10,2.0514e-07,1.6455e-10
957,49.8,-3.8921e-07,2.3471e-10,2.0473e-07,1.6388e-10,2.0473e-07,1.6388e-10
958,49.85,-3.8843e-07,2.3376e-10,2.0432e-07,1.6322e-10,2.0432e-07,1.6322e-10
959,49.9,-3.8765e-07,2.3282e-10,2.0391e-07,1.6256e-10,2.0391e-07,1.6256e-10
960,49.95,-3.8687e-07,2.3188e-10,2.035e-07,1.6191e-10,2.035e-07,1.6191e-10
